image,budget,seed,bits,mode,fit_qat_mode,lambda_rate,psnr,bpp,ms_ssim,delta_psnr_vs_none,delta_bpp_vs_none,delta_ms_ssim_vs_none,rd_win_vs_none
kodim01,512,0,16/8/8/8,none,off,0.0,23.1772,0.465,0.86807,0.0,0.0,0.0,False
kodim01,512,0,16/8/8/8,qat,off,0.0,23.4453,0.4626,0.87189,0.26810000000000045,-0.0024000000000000132,0.0038200000000000456,True
kodim01,512,0,16/8/8/8,refine_noste,off,0.0,23.3465,0.4635,0.87229,0.16929999999999978,-0.0015000000000000013,0.0042200000000000015,True
kodim01,512,0,16/8/8/8,fit_qat,ste,0.0,23.2381,0.4637,0.87017,0.060900000000000176,-0.0013000000000000234,0.0020999999999999908,True
kodim01,512,0,16/8/8/8,fit_qat,ste,0.001,23.3674,0.4636,0.87197,0.1902000000000008,-0.0014000000000000123,0.0039000000000000146,True
kodim01,512,0,16/8/8/8,fit_qat,ste,0.01,23.3683,0.463,0.87122,0.19110000000000227,-0.0020000000000000018,0.003149999999999986,True
kodim01,512,0,12/8/6/8,none,off,0.0,20.1614,0.4157,0.78133,0.0,0.0,0.0,False
kodim01,512,0,12/8/6/8,qat,off,0.0,22.5078,0.4154,0.84575,2.346399999999999,-0.00030000000000002247,0.06442000000000003,True
kodim01,512,0,12/8/6/8,refine_noste,off,0.0,19.4789,0.4149,0.76736,-0.682500000000001,-0.0008000000000000229,-0.013969999999999927,False
kodim01,512,0,12/8/6/8,fit_qat,ste,0.0,22.3728,0.4155,0.84551,2.211400000000001,-0.00020000000000003348,0.06418000000000001,True
kodim01,512,0,12/8/6/8,fit_qat,ste,0.001,22.7049,0.4151,0.8504,2.543499999999998,-0.0005999999999999894,0.06907000000000008,True
kodim01,512,0,12/8/6/8,fit_qat,ste,0.01,22.6292,0.4153,0.84625,2.4678000000000004,-0.00040000000000001146,0.06491999999999998,True
kodim01,512,0,12/6/6/6,none,off,0.0,19.9894,0.3575,0.77299,0.0,0.0,0.0,False
kodim01,512,0,12/6/6/6,qat,off,0.0,22.2636,0.3597,0.83858,2.2742000000000004,0.0022000000000000353,0.06559000000000004,False
kodim01,512,0,12/6/6/6,refine_noste,off,0.0,19.4688,0.3585,0.76228,-0.5205999999999982,0.0010000000000000009,-0.010709999999999997,False
kodim01,512,0,12/6/6/6,fit_qat,ste,0.0,22.358,0.3595,0.83796,2.3686000000000007,0.0020000000000000018,0.06497000000000008,False
kodim01,512,0,12/6/6/6,fit_qat,ste,0.001,22.4465,0.3595,0.83959,2.4571000000000005,0.0020000000000000018,0.06659999999999999,False
kodim01,512,0,12/6/6/6,fit_qat,ste,0.01,22.2082,0.3593,0.83497,2.2188000000000017,0.0018000000000000238,0.061980000000000035,False
kodim01,512,0,10/5/5/5,none,off,0.0,18.452,0.3141,0.71247,0.0,0.0,0.0,False
kodim01,512,0,10/5/5/5,qat,off,0.0,21.3342,0.3162,0.79913,2.8821999999999974,0.0020999999999999908,0.08665999999999996,False
kodim01,512,0,10/5/5/5,refine_noste,off,0.0,18.6006,0.3123,0.71477,0.1485999999999983,-0.0017999999999999683,0.0022999999999999687,True
kodim01,512,0,10/5/5/5,fit_qat,ste,0.0,21.4174,0.3156,0.80317,2.965399999999999,0.0015000000000000013,0.0907,False
kodim01,512,0,10/5/5/5,fit_qat,ste,0.001,21.2805,0.3155,0.79793,2.8284999999999982,0.0014000000000000123,0.08545999999999998,False
kodim01,512,0,10/5/5/5,fit_qat,ste,0.01,21.1629,0.3153,0.7953,2.7108999999999988,0.0012000000000000344,0.08282999999999996,False
kodim07,512,0,16/8/8/8,none,off,0.0,23.7784,0.4491,0.91114,0.0,0.0,0.0,False
kodim07,512,0,16/8/8/8,qat,off,0.0,23.53,0.4476,0.90842,-0.24840000000000018,-0.0015000000000000013,-0.0027199999999999447,False
kodim07,512,0,16/8/8/8,refine_noste,off,0.0,23.2463,0.4478,0.90308,-0.5320999999999998,-0.0013000000000000234,-0.008059999999999956,False
kodim07,512,0,16/8/8/8,fit_qat,ste,0.0,23.4499,0.4476,0.90907,-0.3285000000000018,-0.0015000000000000013,-0.0020699999999999052,False
kodim07,512,0,16/8/8/8,fit_qat,ste,0.001,23.4315,0.4476,0.90701,-0.34690000000000154,-0.0015000000000000013,-0.004129999999999967,False
kodim07,512,0,16/8/8/8,fit_qat,ste,0.01,23.4088,0.4473,0.90685,-0.3696000000000019,-0.0018000000000000238,-0.004289999999999905,False
kodim07,512,0,12/8/6/8,none,off,0.0,23.095,0.4018,0.89131,0.0,0.0,0.0,False
kodim07,512,0,12/8/6/8,qat,off,0.0,23.1735,0.3983,0.89676,0.07850000000000179,-0.003500000000000003,0.005449999999999955,True
kodim07,512,0,12/8/6/8,refine_noste,off,0.0,22.7741,0.401,0.88906,-0.3208999999999982,-0.0007999999999999674,-0.0022500000000000853,False
kodim07,512,0,12/8/6/8,fit_qat,ste,0.0,23.1425,0.3982,0.90086,0.04749999999999943,-0.003599999999999992,0.009549999999999947,True
kodim07,512,0,12/8/6/8,fit_qat,ste,0.001,23.3504,0.3988,0.89957,0.2554000000000016,-0.0030000000000000027,0.008259999999999934,True
kodim07,512,0,12/8/6/8,fit_qat,ste,0.01,23.2757,0.3987,0.89869,0.18070000000000164,-0.0030999999999999917,0.007379999999999942,True
kodim07,512,0,12/6/6/6,none,off,0.0,22.6417,0.3464,0.87615,0.0,0.0,0.0,False
kodim07,512,0,12/6/6/6,qat,off,0.0,22.9041,0.3489,0.88288,0.2623999999999995,0.0025000000000000022,0.006730000000000014,False
kodim07,512,0,12/6/6/6,refine_noste,off,0.0,22.1774,0.3459,0.86351,-0.4643000000000015,-0.0005000000000000004,-0.012639999999999985,False
kodim07,512,0,12/6/6/6,fit_qat,ste,0.0,22.9041,0.3492,0.88167,0.2623999999999995,0.0028000000000000247,0.005519999999999969,False
kodim07,512,0,12/6/6/6,fit_qat,ste,0.001,22.7654,0.3487,0.88267,0.12369999999999948,0.0023000000000000242,0.00651999999999997,False
kodim07,512,0,12/6/6/6,fit_qat,ste,0.01,23.103,0.3483,0.88798,0.4613000000000014,0.0019000000000000128,0.011830000000000007,False
kodim07,512,0,10/5/5/5,none,off,0.0,20.3565,0.2988,0.81078,0.0,0.0,0.0,False
kodim07,512,0,10/5/5/5,qat,off,0.0,21.6424,0.3056,0.84631,1.285899999999998,0.006799999999999973,0.03553000000000006,False
kodim07,512,0,10/5/5/5,refine_noste,off,0.0,20.2626,0.298,0.79955,-0.09390000000000143,-0.0008000000000000229,-0.011229999999999962,False
kodim07,512,0,10/5/5/5,fit_qat,ste,0.0,21.2917,0.3066,0.83939,0.9351999999999983,0.007799999999999974,0.028610000000000024,False
kodim07,512,0,10/5/5/5,fit_qat,ste,0.001,21.3115,0.3049,0.8425,0.9549999999999983,0.006099999999999994,0.03172000000000008,False
kodim07,512,0,10/5/5/5,fit_qat,ste,0.01,21.6057,0.3064,0.84637,1.2491999999999983,0.007599999999999996,0.03559000000000001,False
kodim13,512,0,16/8/8/8,none,off,0.0,21.1517,0.4626,0.84419,0.0,0.0,0.0,False
kodim13,512,0,16/8/8/8,qat,off,0.0,20.7561,0.4619,0.83959,-0.39560000000000173,-0.0007000000000000339,-0.0046000000000000485,False
kodim13,512,0,16/8/8/8,refine_noste,off,0.0,21.1618,0.4628,0.84531,0.010099999999997777,0.00019999999999997797,0.0011200000000000099,False
kodim13,512,0,16/8/8/8,fit_qat,ste,0.0,20.7862,0.4621,0.84104,-0.3655000000000008,-0.0005000000000000004,-0.003149999999999986,False
kodim13,512,0,16/8/8/8,fit_qat,ste,0.001,20.7809,0.4624,0.84133,-0.3708000000000027,-0.00020000000000003348,-0.0028599999999999737,False
kodim13,512,0,16/8/8/8,fit_qat,ste,0.01,20.7855,0.4609,0.84041,-0.36620000000000275,-0.0017000000000000348,-0.0037800000000000056,False
kodim13,512,0,12/8/6/8,none,off,0.0,20.3658,0.4158,0.81595,0.0,0.0,0.0,False
kodim13,512,0,12/8/6/8,qat,off,0.0,20.4582,0.4138,0.82778,0.09240000000000137,-0.0020000000000000018,0.011830000000000007,True
kodim13,512,0,12/8/6/8,refine_noste,off,0.0,20.3409,0.4161,0.81471,-0.024899999999998812,0.00030000000000002247,-0.0012399999999999078,False
kodim13,512,0,12/8/6/8,fit_qat,ste,0.0,20.5105,0.4131,0.82586,0.14470000000000027,-0.00269999999999998,0.009910000000000085,True
kodim13,512,0,12/8/6/8,fit_qat,ste,0.001,20.517,0.4135,0.82815,0.15119999999999933,-0.0023000000000000242,0.0122000000000001,True
kodim13,512,0,12/8/6/8,fit_qat,ste,0.01,20.5652,0.4141,0.82764,0.1994000000000007,-0.0016999999999999793,0.01169000000000009,True
kodim13,512,0,12/6/6/6,none,off,0.0,20.1887,0.3596,0.80395,0.0,0.0,0.0,False
kodim13,512,0,12/6/6/6,qat,off,0.0,20.3122,0.3587,0.80882,0.12349999999999994,-0.0008999999999999564,0.00486999999999993,True
kodim13,512,0,12/6/6/6,refine_noste,off,0.0,20.2091,0.3587,0.802,0.02039999999999864,-0.0008999999999999564,-0.0019500000000000073,True
kodim13,512,0,12/6/6/6,fit_qat,ste,0.0,20.2827,0.3582,0.81168,0.09399999999999764,-0.0013999999999999568,0.007729999999999904,True
kodim13,512,0,12/6/6/6,fit_qat,ste,0.001,20.243,0.3588,0.81072,0.054299999999997794,-0.0007999999999999674,0.006769999999999943,True
kodim13,512,0,12/6/6/6,fit_qat,ste,0.01,20.3809,0.3585,0.81515,0.1921999999999997,-0.0010999999999999899,0.011199999999999988,True
kodim13,512,0,10/5/5/5,none,off,0.0,19.0966,0.3091,0.73912,0.0,0.0,0.0,False
kodim13,512,0,10/5/5/5,qat,off,0.0,19.6739,0.3127,0.77762,0.577300000000001,0.003599999999999992,0.03849999999999998,False
kodim13,512,0,10/5/5/5,refine_noste,off,0.0,19.0342,0.3075,0.73585,-0.06240000000000023,-0.0015999999999999903,-0.003269999999999995,False
kodim13,512,0,10/5/5/5,fit_qat,ste,0.0,19.6146,0.3123,0.78206,0.5180000000000007,0.003200000000000036,0.04293999999999998,False
kodim13,512,0,10/5/5/5,fit_qat,ste,0.001,19.6958,0.3127,0.77778,0.5991999999999997,0.003599999999999992,0.03866000000000003,False
kodim13,512,0,10/5/5/5,fit_qat,ste,0.01,19.7351,0.313,0.78035,0.6385000000000005,0.0039000000000000146,0.04122999999999999,False
kodim19,512,0,16/8/8/8,none,off,0.0,25.6807,0.459,0.91965,0.0,0.0,0.0,False
kodim19,512,0,16/8/8/8,qat,off,0.0,25.369,0.4569,0.91832,-0.31170000000000186,-0.0021000000000000463,-0.0013299999999999423,False
kodim19,512,0,16/8/8/8,refine_noste,off,0.0,25.7436,0.4569,0.9203,0.06289999999999907,-0.0021000000000000463,0.0006500000000000394,True
kodim19,512,0,16/8/8/8,fit_qat,ste,0.0,25.3845,0.4578,0.91779,-0.29620000000000246,-0.0012000000000000344,-0.0018599999999999728,False
kodim19,512,0,16/8/8/8,fit_qat,ste,0.001,25.4372,0.4569,0.9188,-0.24350000000000094,-0.0021000000000000463,-0.0008500000000000174,False
kodim19,512,0,16/8/8/8,fit_qat,ste,0.01,25.4255,0.4577,0.91872,-0.2552000000000021,-0.0013000000000000234,-0.0009299999999999864,False
kodim19,512,0,12/8/6/8,none,off,0.0,24.9975,0.4122,0.90268,0.0,0.0,0.0,False
kodim19,512,0,12/8/6/8,qat,off,0.0,25.1346,0.408,0.91144,0.13710000000000022,-0.004200000000000037,0.00875999999999999,True
kodim19,512,0,12/8/6/8,refine_noste,off,0.0,25.0286,0.411,0.90515,0.031100000000002126,-0.0012000000000000344,0.0024699999999999722,True
kodim19,512,0,12/8/6/8,fit_qat,ste,0.0,25.1202,0.408,0.91132,0.12270000000000181,-0.004200000000000037,0.008639999999999981,True
kodim19,512,0,12/8/6/8,fit_qat,ste,0.001,25.1649,0.408,0.91189,0.16740000000000066,-0.004200000000000037,0.00920999999999994,True
kodim19,512,0,12/8/6/8,fit_qat,ste,0.01,25.058,0.4072,0.91125,0.06050000000000111,-0.0050000000000000044,0.008569999999999967,True
kodim19,512,0,12/6/6/6,none,off,0.0,24.4738,0.3562,0.88527,0.0,0.0,0.0,False
kodim19,512,0,12/6/6/6,qat,off,0.0,24.3608,0.3549,0.8968,-0.11299999999999955,-0.0013000000000000234,0.01153000000000004,False
kodim19,512,0,12/6/6/6,refine_noste,off,0.0,24.5443,0.3544,0.88806,0.07049999999999912,-0.0018000000000000238,0.002789999999999959,True
kodim19,512,0,12/6/6/6,fit_qat,ste,0.0,24.547,0.3561,0.8976,0.07319999999999993,-9.999999999998899e-05,0.012329999999999952,True
kodim19,512,0,12/6/6/6,fit_qat,ste,0.001,24.5064,0.3556,0.89866,0.03259999999999863,-0.0005999999999999894,0.013390000000000013,True
kodim19,512,0,12/6/6/6,fit_qat,ste,0.01,24.3686,0.3556,0.89348,-0.10519999999999996,-0.0005999999999999894,0.00821000000000005,False
kodim19,512,0,10/5/5/5,none,off,0.0,21.9683,0.3057,0.81602,0.0,0.0,0.0,False
kodim19,512,0,10/5/5/5,qat,off,0.0,23.2374,0.3096,0.86781,1.2691000000000017,0.003899999999999959,0.05179,False
kodim19,512,0,10/5/5/5,refine_noste,off,0.0,22.1094,0.3029,0.82087,0.14110000000000156,-0.0028000000000000247,0.004850000000000021,True
kodim19,512,0,10/5/5/5,fit_qat,ste,0.0,23.1103,0.3102,0.87303,1.1419999999999995,0.0044999999999999485,0.057010000000000005,False
kodim19,512,0,10/5/5/5,fit_qat,ste,0.001,22.5458,0.3105,0.86636,0.5775000000000006,0.004799999999999971,0.05034000000000005,False
kodim19,512,0,10/5/5/5,fit_qat,ste,0.01,22.9557,0.3082,0.86547,0.9874000000000009,0.0024999999999999467,0.049449999999999994,False
