image,budget,seed,init_budget,max_gaussians,strategy,tensor,tensor_color,density,sampling,orientation,color,scale,scale_cap,opacity,renderer,aa,color_basis,color_solve,loss,loss_weight,optimizer,lr_schedule,state_seed,row_temper,support_fade,pyramid,refine_site,refine_primitive,refine_nms,refine_color,refine_prune,refine_relocate,refine,config_label,is_baseline,early_exit,early_stop_patience,early_stop_min_delta,early_stop_min_iters,status,psnr,ssim,ms_ssim,lpips,edge_mae,auc_psnr,auc_psnr_horizon,iters_to_target,iters_to_targets,seconds_to_target,n_gaussians,iterations_run,stopped_early,stopped_at,init_seconds,fit_seconds,total_seconds,split_event_count,ranked_wave_score_mean,ranked_wave_residual_support_mean,ranked_wave_activity_mean,ranked_wave_footprint_mean,absgrad_score_mean,absgrad_score_max,freq_violation_score_mean,freq_violation_score_max,freq_violation_axis0_count,freq_violation_axis1_count,freq_violation_freq_mean,color_solve_every,color_solve_schedule,color_solve_lambda,color_solve_maxiter,color_solve_event_count,color_solve_relative_residual_mean,loss_weighting,loss_weight_beta,loss_weight_mean,loss_weight_max,relocate_event_count,seed_new_row_optimizer_state,new_row_temper_iters,new_row_temper_start,tempered_new_rows_mean,support_fade_static,support_fade_until_frac,support_fade_crossfade_iters,support_fade_alpha_mean,post_split_delta_mean,split_recovery_iters_mean,adaptive_count,adaptive_event_count,adaptive_growth_count,adaptive_stop_reason,adaptive_selected_n,estimated_bpp,target_ms_ssim,target_bpp
kodim01,2000,0,1750,2000,aniso_onedge,central,luma,structure,wse,tensor,bilinear,spacing,none,none,cuda,0.0,constant,none,l1,none,adam,none,off,off,off,single,residual_tensor,sampled_add,off,target,off,off,residual_tensor_add,strategy=aniso_onedge|tensor=central|tensor_color=luma|density=structure|sampling=wse|orientation=tensor|color=bilinear|scale=spacing|scale_cap=none|opacity=none|renderer=cuda|aa=0.0|color_basis=constant|color_solve=none|loss=l1|loss_weight=none|optimizer=adam|lr_schedule=none|refine_site=residual_tensor|refine_primitive=sampled_add|refine_nms=off|refine_color=target|refine_prune=off|refine_relocate=off|state_seed=off|row_temper=off|support_fade=off|pyramid=single,False,False,,,,ok,22.9061,0.66127,0.864,,0.061961,23.215410439311224,observed,,{},,2000,1500,False,,0.3107883930206299,5.409334897994995,6.325983047485352,1,,,,,,,,,,,,,none,0.0001,32,0,,none,1.0,,,0,False,0,0.25,0.0,False,,10,0.0,-2.591589,150.0,False,0,0,,,1.3021,,
kodim01,2000,0,1750,2000,aniso_onedge,central,luma,structure,wse,tensor,bilinear,spacing,none,none,cuda,0.0,constant,none,l1,tensor,adam,none,off,off,off,single,residual_tensor,sampled_add,off,target,off,off,residual_tensor_add,strategy=aniso_onedge|tensor=central|tensor_color=luma|density=structure|sampling=wse|orientation=tensor|color=bilinear|scale=spacing|scale_cap=none|opacity=none|renderer=cuda|aa=0.0|color_basis=constant|color_solve=none|loss=l1|loss_weight=tensor|optimizer=adam|lr_schedule=none|refine_site=residual_tensor|refine_primitive=sampled_add|refine_nms=off|refine_color=target|refine_prune=off|refine_relocate=off|state_seed=off|row_temper=off|support_fade=off|pyramid=single,False,False,,,,ok,22.9515,0.66077,0.86268,,0.06084,23.14241926219958,observed,,{},,2000,1500,False,,0.2310163974761963,4.672640085220337,4.920677185058594,1,,,,,,,,,,,,,none,0.0001,32,0,,tensor,1.0,1.0922597646713257,2.0,0,False,0,0.25,0.0,False,,10,0.0,-2.495857,150.0,False,0,0,,,1.3021,,
kodim01,2000,0,1750,2000,quadtree_wse,central,luma,structure,wse,tensor,bilinear,spacing,none,none,cuda,0.0,constant,none,l1,none,adam,none,off,off,off,single,residual_tensor,sampled_add,off,target,off,off,residual_tensor_add,strategy=quadtree_wse|tensor=central|tensor_color=luma|density=structure|sampling=wse|orientation=tensor|color=bilinear|scale=spacing|scale_cap=none|opacity=none|renderer=cuda|aa=0.0|color_basis=constant|color_solve=none|loss=l1|loss_weight=none|optimizer=adam|lr_schedule=none|refine_site=residual_tensor|refine_primitive=sampled_add|refine_nms=off|refine_color=target|refine_prune=off|refine_relocate=off|state_seed=off|row_temper=off|support_fade=off|pyramid=single,False,False,,,,ok,22.9882,0.66084,0.86451,,0.060741,23.228866233596648,observed,,{},,2000,1500,False,,0.6397604942321777,4.538084268569946,5.181684494018555,1,,,,,,,,,,,,,none,0.0001,32,0,,none,1.0,,,0,False,0,0.25,0.0,False,,10,0.0,-2.711163,150.0,False,0,0,,,1.3021,,
kodim01,2000,0,1750,2000,quadtree_wse,central,luma,structure,wse,tensor,bilinear,spacing,none,none,cuda,0.0,constant,none,l1,tensor,adam,none,off,off,off,single,residual_tensor,sampled_add,off,target,off,off,residual_tensor_add,strategy=quadtree_wse|tensor=central|tensor_color=luma|density=structure|sampling=wse|orientation=tensor|color=bilinear|scale=spacing|scale_cap=none|opacity=none|renderer=cuda|aa=0.0|color_basis=constant|color_solve=none|loss=l1|loss_weight=tensor|optimizer=adam|lr_schedule=none|refine_site=residual_tensor|refine_primitive=sampled_add|refine_nms=off|refine_color=target|refine_prune=off|refine_relocate=off|state_seed=off|row_temper=off|support_fade=off|pyramid=single,False,False,,,,ok,23.0237,0.66094,0.86605,,0.061341,23.13248375783848,observed,,{},,2000,1500,False,,0.6145415306091309,4.193432569503784,4.81255030632019,1,,,,,,,,,,,,,none,0.0001,32,0,,tensor,1.0,1.0922597646713257,2.0,0,False,0,0.25,0.0,False,,10,0.0,-3.320021,150.0,False,0,0,,,1.3021,,
kodim01,5000,0,4750,5000,aniso_onedge,central,luma,structure,wse,tensor,bilinear,spacing,none,none,cuda,0.0,constant,none,l1,none,adam,none,off,off,off,single,residual_tensor,sampled_add,off,target,off,off,residual_tensor_add,strategy=aniso_onedge|tensor=central|tensor_color=luma|density=structure|sampling=wse|orientation=tensor|color=bilinear|scale=spacing|scale_cap=none|opacity=none|renderer=cuda|aa=0.0|color_basis=constant|color_solve=none|loss=l1|loss_weight=none|optimizer=adam|lr_schedule=none|refine_site=residual_tensor|refine_primitive=sampled_add|refine_nms=off|refine_color=target|refine_prune=off|refine_relocate=off|state_seed=off|row_temper=off|support_fade=off|pyramid=single,False,False,,,,ok,25.6895,0.76658,0.93005,,0.045993,25.412414024638046,observed,,{},,5000,1500,False,,0.8780689239501953,4.923987150192261,5.8057639598846436,1,,,,,,,,,,,,,none,0.0001,32,0,,none,1.0,,,0,False,0,0.25,0.0,False,,10,0.0,-2.105886,150.0,False,0,0,,,3.2552,,
kodim01,5000,0,4750,5000,aniso_onedge,central,luma,structure,wse,tensor,bilinear,spacing,none,none,cuda,0.0,constant,none,l1,tensor,adam,none,off,off,off,single,residual_tensor,sampled_add,off,target,off,off,residual_tensor_add,strategy=aniso_onedge|tensor=central|tensor_color=luma|density=structure|sampling=wse|orientation=tensor|color=bilinear|scale=spacing|scale_cap=none|opacity=none|renderer=cuda|aa=0.0|color_basis=constant|color_solve=none|loss=l1|loss_weight=tensor|optimizer=adam|lr_schedule=none|refine_site=residual_tensor|refine_primitive=sampled_add|refine_nms=off|refine_color=target|refine_prune=off|refine_relocate=off|state_seed=off|row_temper=off|support_fade=off|pyramid=single,False,False,,,,ok,25.7348,0.76578,0.93034,,0.045797,25.500279327326414,observed,,{},,5000,1500,False,,0.8641688823699951,4.719895601272583,5.589042663574219,1,,,,,,,,,,,,,none,0.0001,32,0,,tensor,1.0,1.0922597646713257,2.0,0,False,0,0.25,0.0,False,,10,0.0,-2.193226,150.0,False,0,0,,,3.2552,,
kodim01,5000,0,4750,5000,quadtree_wse,central,luma,structure,wse,tensor,bilinear,spacing,none,none,cuda,0.0,constant,none,l1,none,adam,none,off,off,off,single,residual_tensor,sampled_add,off,target,off,off,residual_tensor_add,strategy=quadtree_wse|tensor=central|tensor_color=luma|density=structure|sampling=wse|orientation=tensor|color=bilinear|scale=spacing|scale_cap=none|opacity=none|renderer=cuda|aa=0.0|color_basis=constant|color_solve=none|loss=l1|loss_weight=none|optimizer=adam|lr_schedule=none|refine_site=residual_tensor|refine_primitive=sampled_add|refine_nms=off|refine_color=target|refine_prune=off|refine_relocate=off|state_seed=off|row_temper=off|support_fade=off|pyramid=single,False,False,,,,ok,25.7242,0.76761,0.92954,,0.046033,25.44744300015216,observed,,{},,5000,1500,False,,1.5190110206604004,4.530972719192505,6.053625822067261,1,,,,,,,,,,,,,none,0.0001,32,0,,none,1.0,,,0,False,0,0.25,0.0,False,,10,0.0,-2.420282,150.0,False,0,0,,,3.2552,,
kodim01,5000,0,4750,5000,quadtree_wse,central,luma,structure,wse,tensor,bilinear,spacing,none,none,cuda,0.0,constant,none,l1,tensor,adam,none,off,off,off,single,residual_tensor,sampled_add,off,target,off,off,residual_tensor_add,strategy=quadtree_wse|tensor=central|tensor_color=luma|density=structure|sampling=wse|orientation=tensor|color=bilinear|scale=spacing|scale_cap=none|opacity=none|renderer=cuda|aa=0.0|color_basis=constant|color_solve=none|loss=l1|loss_weight=tensor|optimizer=adam|lr_schedule=none|refine_site=residual_tensor|refine_primitive=sampled_add|refine_nms=off|refine_color=target|refine_prune=off|refine_relocate=off|state_seed=off|row_temper=off|support_fade=off|pyramid=single,False,False,,,,ok,25.7273,0.76798,0.93062,,0.045843,25.412202895522675,observed,,{},,5000,1500,False,,1.4683213233947754,4.615745782852173,6.088273763656616,1,,,,,,,,,,,,,none,0.0001,32,0,,tensor,1.0,1.0922597646713257,2.0,0,False,0,0.25,0.0,False,,10,0.0,-2.536577,150.0,False,0,0,,,3.2552,,
kodim07,2000,0,1750,2000,aniso_onedge,central,luma,structure,wse,tensor,bilinear,spacing,none,none,cuda,0.0,constant,none,l1,none,adam,none,off,off,off,single,residual_tensor,sampled_add,off,target,off,off,residual_tensor_add,strategy=aniso_onedge|tensor=central|tensor_color=luma|density=structure|sampling=wse|orientation=tensor|color=bilinear|scale=spacing|scale_cap=none|opacity=none|renderer=cuda|aa=0.0|color_basis=constant|color_solve=none|loss=l1|loss_weight=none|optimizer=adam|lr_schedule=none|refine_site=residual_tensor|refine_primitive=sampled_add|refine_nms=off|refine_color=target|refine_prune=off|refine_relocate=off|state_seed=off|row_temper=off|support_fade=off|pyramid=single,False,False,,,,ok,25.673,0.87854,0.94606,,0.037059,27.508059477472084,observed,,{},,2000,1500,False,,0.279404878616333,4.721347093582153,5.006345510482788,1,,,,,,,,,,,,,none,0.0001,32,0,,none,1.0,,,0,False,0,0.25,0.0,False,,10,0.0,-6.767015,150.0,False,0,0,,,1.3021,,
kodim07,2000,0,1750,2000,aniso_onedge,central,luma,structure,wse,tensor,bilinear,spacing,none,none,cuda,0.0,constant,none,l1,tensor,adam,none,off,off,off,single,residual_tensor,sampled_add,off,target,off,off,residual_tensor_add,strategy=aniso_onedge|tensor=central|tensor_color=luma|density=structure|sampling=wse|orientation=tensor|color=bilinear|scale=spacing|scale_cap=none|opacity=none|renderer=cuda|aa=0.0|color_basis=constant|color_solve=none|loss=l1|loss_weight=tensor|optimizer=adam|lr_schedule=none|refine_site=residual_tensor|refine_primitive=sampled_add|refine_nms=off|refine_color=target|refine_prune=off|refine_relocate=off|state_seed=off|row_temper=off|support_fade=off|pyramid=single,False,False,,,,ok,27.1203,0.88214,0.9515,,0.037045,27.760488091507618,observed,,{},,2000,1500,False,,0.2757596969604492,4.94469952583313,5.224445819854736,1,,,,,,,,,,,,,none,0.0001,32,0,,tensor,1.0,1.0394883155822754,2.0,0,False,0,0.25,0.0,False,,10,0.0,-6.305624,150.0,False,0,0,,,1.3021,,
kodim07,2000,0,1750,2000,quadtree_wse,central,luma,structure,wse,tensor,bilinear,spacing,none,none,cuda,0.0,constant,none,l1,none,adam,none,off,off,off,single,residual_tensor,sampled_add,off,target,off,off,residual_tensor_add,strategy=quadtree_wse|tensor=central|tensor_color=luma|density=structure|sampling=wse|orientation=tensor|color=bilinear|scale=spacing|scale_cap=none|opacity=none|renderer=cuda|aa=0.0|color_basis=constant|color_solve=none|loss=l1|loss_weight=none|optimizer=adam|lr_schedule=none|refine_site=residual_tensor|refine_primitive=sampled_add|refine_nms=off|refine_color=target|refine_prune=off|refine_relocate=off|state_seed=off|row_temper=off|support_fade=off|pyramid=single,False,False,,,,ok,25.3652,0.8712,0.93681,,0.03985,26.996439614400934,observed,,{},,2000,1500,False,,0.6437742710113525,4.857863903045654,5.505469799041748,1,,,,,,,,,,,,,none,0.0001,32,0,,none,1.0,,,0,False,0,0.25,0.0,False,,10,0.0,-6.116913,150.0,False,0,0,,,1.3021,,
kodim07,2000,0,1750,2000,quadtree_wse,central,luma,structure,wse,tensor,bilinear,spacing,none,none,cuda,0.0,constant,none,l1,tensor,adam,none,off,off,off,single,residual_tensor,sampled_add,off,target,off,off,residual_tensor_add,strategy=quadtree_wse|tensor=central|tensor_color=luma|density=structure|sampling=wse|orientation=tensor|color=bilinear|scale=spacing|scale_cap=none|opacity=none|renderer=cuda|aa=0.0|color_basis=constant|color_solve=none|loss=l1|loss_weight=tensor|optimizer=adam|lr_schedule=none|refine_site=residual_tensor|refine_primitive=sampled_add|refine_nms=off|refine_color=target|refine_prune=off|refine_relocate=off|state_seed=off|row_temper=off|support_fade=off|pyramid=single,False,False,,,,ok,24.8737,0.86138,0.92819,,0.041967,26.8317983905978,observed,,{},,2000,1500,False,,0.6349339485168457,4.586628675460815,5.22555947303772,1,,,,,,,,,,,,,none,0.0001,32,0,,tensor,1.0,1.0394883155822754,2.0,0,False,0,0.25,0.0,False,,10,0.0,-1.203228,150.0,False,0,0,,,1.3021,,
kodim07,5000,0,4750,5000,aniso_onedge,central,luma,structure,wse,tensor,bilinear,spacing,none,none,cuda,0.0,constant,none,l1,none,adam,none,off,off,off,single,residual_tensor,sampled_add,off,target,off,off,residual_tensor_add,strategy=aniso_onedge|tensor=central|tensor_color=luma|density=structure|sampling=wse|orientation=tensor|color=bilinear|scale=spacing|scale_cap=none|opacity=none|renderer=cuda|aa=0.0|color_basis=constant|color_solve=none|loss=l1|loss_weight=none|optimizer=adam|lr_schedule=none|refine_site=residual_tensor|refine_primitive=sampled_add|refine_nms=off|refine_color=target|refine_prune=off|refine_relocate=off|state_seed=off|row_temper=off|support_fade=off|pyramid=single,False,False,,,,ok,34.091,0.94703,0.98791,,0.018453,33.23096819286588,observed,,{},,5000,1500,False,,0.9073853492736816,4.800332546234131,5.7114527225494385,1,,,,,,,,,,,,,none,0.0001,32,0,,none,1.0,,,0,False,0,0.25,0.0,False,,10,0.0,-4.972942,150.0,False,0,0,,,3.2552,,
kodim07,5000,0,4750,5000,aniso_onedge,central,luma,structure,wse,tensor,bilinear,spacing,none,none,cuda,0.0,constant,none,l1,tensor,adam,none,off,off,off,single,residual_tensor,sampled_add,off,target,off,off,residual_tensor_add,strategy=aniso_onedge|tensor=central|tensor_color=luma|density=structure|sampling=wse|orientation=tensor|color=bilinear|scale=spacing|scale_cap=none|opacity=none|renderer=cuda|aa=0.0|color_basis=constant|color_solve=none|loss=l1|loss_weight=tensor|optimizer=adam|lr_schedule=none|refine_site=residual_tensor|refine_primitive=sampled_add|refine_nms=off|refine_color=target|refine_prune=off|refine_relocate=off|state_seed=off|row_temper=off|support_fade=off|pyramid=single,False,False,,,,ok,34.2037,0.94786,0.98829,,0.018333,33.32989980508042,observed,,{},,5000,1500,False,,0.8779144287109375,4.885988473892212,5.768155097961426,1,,,,,,,,,,,,,none,0.0001,32,0,,tensor,1.0,1.0394883155822754,2.0,0,False,0,0.25,0.0,False,,10,0.0,-4.875553,150.0,False,0,0,,,3.2552,,
kodim07,5000,0,4750,5000,quadtree_wse,central,luma,structure,wse,tensor,bilinear,spacing,none,none,cuda,0.0,constant,none,l1,none,adam,none,off,off,off,single,residual_tensor,sampled_add,off,target,off,off,residual_tensor_add,strategy=quadtree_wse|tensor=central|tensor_color=luma|density=structure|sampling=wse|orientation=tensor|color=bilinear|scale=spacing|scale_cap=none|opacity=none|renderer=cuda|aa=0.0|color_basis=constant|color_solve=none|loss=l1|loss_weight=none|optimizer=adam|lr_schedule=none|refine_site=residual_tensor|refine_primitive=sampled_add|refine_nms=off|refine_color=target|refine_prune=off|refine_relocate=off|state_seed=off|row_temper=off|support_fade=off|pyramid=single,False,False,,,,ok,34.0747,0.94734,0.98788,,0.018562,33.20657309251598,observed,,{},,5000,1500,False,,1.5280845165252686,4.911492109298706,6.443418264389038,1,,,,,,,,,,,,,none,0.0001,32,0,,none,1.0,,,0,False,0,0.25,0.0,False,,10,0.0,-5.467714,150.0,False,0,0,,,3.2552,,
kodim07,5000,0,4750,5000,quadtree_wse,central,luma,structure,wse,tensor,bilinear,spacing,none,none,cuda,0.0,constant,none,l1,tensor,adam,none,off,off,off,single,residual_tensor,sampled_add,off,target,off,off,residual_tensor_add,strategy=quadtree_wse|tensor=central|tensor_color=luma|density=structure|sampling=wse|orientation=tensor|color=bilinear|scale=spacing|scale_cap=none|opacity=none|renderer=cuda|aa=0.0|color_basis=constant|color_solve=none|loss=l1|loss_weight=tensor|optimizer=adam|lr_schedule=none|refine_site=residual_tensor|refine_primitive=sampled_add|refine_nms=off|refine_color=target|refine_prune=off|refine_relocate=off|state_seed=off|row_temper=off|support_fade=off|pyramid=single,False,False,,,,ok,34.0656,0.94715,0.9877,,0.018555,33.20599723991511,observed,,{},,5000,1500,False,,1.4563686847686768,4.962203025817871,6.42376184463501,1,,,,,,,,,,,,,none,0.0001,32,0,,tensor,1.0,1.0394883155822754,2.0,0,False,0,0.25,0.0,False,,10,0.0,-5.3326,150.0,False,0,0,,,3.2552,,
kodim13,2000,0,1750,2000,aniso_onedge,central,luma,structure,wse,tensor,bilinear,spacing,none,none,cuda,0.0,constant,none,l1,none,adam,none,off,off,off,single,residual_tensor,sampled_add,off,target,off,off,residual_tensor_add,strategy=aniso_onedge|tensor=central|tensor_color=luma|density=structure|sampling=wse|orientation=tensor|color=bilinear|scale=spacing|scale_cap=none|opacity=none|renderer=cuda|aa=0.0|color_basis=constant|color_solve=none|loss=l1|loss_weight=none|optimizer=adam|lr_schedule=none|refine_site=residual_tensor|refine_primitive=sampled_add|refine_nms=off|refine_color=target|refine_prune=off|refine_relocate=off|state_seed=off|row_temper=off|support_fade=off|pyramid=single,False,False,,,,ok,20.5636,0.50781,0.80424,,0.093553,20.3236122163158,observed,,{},,2000,1500,False,,0.2872474193572998,4.899906873703003,5.190913200378418,1,,,,,,,,,,,,,none,0.0001,32,0,,none,1.0,,,0,False,0,0.25,0.0,False,,10,0.0,-3.450891,150.0,False,0,0,,,1.3021,,
kodim13,2000,0,1750,2000,aniso_onedge,central,luma,structure,wse,tensor,bilinear,spacing,none,none,cuda,0.0,constant,none,l1,tensor,adam,none,off,off,off,single,residual_tensor,sampled_add,off,target,off,off,residual_tensor_add,strategy=aniso_onedge|tensor=central|tensor_color=luma|density=structure|sampling=wse|orientation=tensor|color=bilinear|scale=spacing|scale_cap=none|opacity=none|renderer=cuda|aa=0.0|color_basis=constant|color_solve=none|loss=l1|loss_weight=tensor|optimizer=adam|lr_schedule=none|refine_site=residual_tensor|refine_primitive=sampled_add|refine_nms=off|refine_color=target|refine_prune=off|refine_relocate=off|state_seed=off|row_temper=off|support_fade=off|pyramid=single,False,False,,,,ok,20.6971,0.50981,0.80744,,0.092773,20.384103862184777,observed,,{},,2000,1500,False,,0.23673534393310547,5.361032485961914,5.603537082672119,1,,,,,,,,,,,,,none,0.0001,32,0,,tensor,1.0,1.0551146268844604,2.0,0,False,0,0.25,0.0,False,,10,0.0,-3.516228,150.0,False,0,0,,,1.3021,,
kodim13,2000,0,1750,2000,quadtree_wse,central,luma,structure,wse,tensor,bilinear,spacing,none,none,cuda,0.0,constant,none,l1,none,adam,none,off,off,off,single,residual_tensor,sampled_add,off,target,off,off,residual_tensor_add,strategy=quadtree_wse|tensor=central|tensor_color=luma|density=structure|sampling=wse|orientation=tensor|color=bilinear|scale=spacing|scale_cap=none|opacity=none|renderer=cuda|aa=0.0|color_basis=constant|color_solve=none|loss=l1|loss_weight=none|optimizer=adam|lr_schedule=none|refine_site=residual_tensor|refine_primitive=sampled_add|refine_nms=off|refine_color=target|refine_prune=off|refine_relocate=off|state_seed=off|row_temper=off|support_fade=off|pyramid=single,False,False,,,,ok,20.5348,0.49978,0.79702,,0.094357,20.2566552216248,observed,,{},,2000,1500,False,,0.5332980155944824,4.90574049949646,5.443982839584351,1,,,,,,,,,,,,,none,0.0001,32,0,,none,1.0,,,0,False,0,0.25,0.0,False,,10,0.0,-3.840027,150.0,False,0,0,,,1.3021,,
kodim13,2000,0,1750,2000,quadtree_wse,central,luma,structure,wse,tensor,bilinear,spacing,none,none,cuda,0.0,constant,none,l1,tensor,adam,none,off,off,off,single,residual_tensor,sampled_add,off,target,off,off,residual_tensor_add,strategy=quadtree_wse|tensor=central|tensor_color=luma|density=structure|sampling=wse|orientation=tensor|color=bilinear|scale=spacing|scale_cap=none|opacity=none|renderer=cuda|aa=0.0|color_basis=constant|color_solve=none|loss=l1|loss_weight=tensor|optimizer=adam|lr_schedule=none|refine_site=residual_tensor|refine_primitive=sampled_add|refine_nms=off|refine_color=target|refine_prune=off|refine_relocate=off|state_seed=off|row_temper=off|support_fade=off|pyramid=single,False,False,,,,ok,20.4592,0.49835,0.79312,,0.094691,20.258328339829294,observed,,{},,2000,1500,False,,0.5030825138092041,5.24465799331665,5.751894950866699,1,,,,,,,,,,,,,none,0.0001,32,0,,tensor,1.0,1.0551146268844604,2.0,0,False,0,0.25,0.0,False,,10,0.0,-3.883638,150.0,False,0,0,,,1.3021,,
kodim13,5000,0,4750,5000,aniso_onedge,central,luma,structure,wse,tensor,bilinear,spacing,none,none,cuda,0.0,constant,none,l1,none,adam,none,off,off,off,single,residual_tensor,sampled_add,off,target,off,off,residual_tensor_add,strategy=aniso_onedge|tensor=central|tensor_color=luma|density=structure|sampling=wse|orientation=tensor|color=bilinear|scale=spacing|scale_cap=none|opacity=none|renderer=cuda|aa=0.0|color_basis=constant|color_solve=none|loss=l1|loss_weight=none|optimizer=adam|lr_schedule=none|refine_site=residual_tensor|refine_primitive=sampled_add|refine_nms=off|refine_color=target|refine_prune=off|refine_relocate=off|state_seed=off|row_temper=off|support_fade=off|pyramid=single,False,False,,,,ok,22.6623,0.64631,0.88672,,0.070913,22.305323689201817,observed,,{},,5000,1500,False,,0.8815290927886963,5.338869571685791,6.2244873046875,1,,,,,,,,,,,,,none,0.0001,32,0,,none,1.0,,,0,False,0,0.25,0.0,False,,10,0.0,-2.594275,150.0,False,0,0,,,3.2552,,
kodim13,5000,0,4750,5000,aniso_onedge,central,luma,structure,wse,tensor,bilinear,spacing,none,none,cuda,0.0,constant,none,l1,tensor,adam,none,off,off,off,single,residual_tensor,sampled_add,off,target,off,off,residual_tensor_add,strategy=aniso_onedge|tensor=central|tensor_color=luma|density=structure|sampling=wse|orientation=tensor|color=bilinear|scale=spacing|scale_cap=none|opacity=none|renderer=cuda|aa=0.0|color_basis=constant|color_solve=none|loss=l1|loss_weight=tensor|optimizer=adam|lr_schedule=none|refine_site=residual_tensor|refine_primitive=sampled_add|refine_nms=off|refine_color=target|refine_prune=off|refine_relocate=off|state_seed=off|row_temper=off|support_fade=off|pyramid=single,False,False,,,,ok,22.6755,0.64772,0.88763,,0.070699,22.288002675815452,observed,,{},,5000,1500,False,,1.0065984725952148,5.378833293914795,6.391202688217163,1,,,,,,,,,,,,,none,0.0001,32,0,,tensor,1.0,1.0551146268844604,2.0,0,False,0,0.25,0.0,False,,10,0.0,-2.851995,150.0,False,0,0,,,3.2552,,
kodim13,5000,0,4750,5000,quadtree_wse,central,luma,structure,wse,tensor,bilinear,spacing,none,none,cuda,0.0,constant,none,l1,none,adam,none,off,off,off,single,residual_tensor,sampled_add,off,target,off,off,residual_tensor_add,strategy=quadtree_wse|tensor=central|tensor_color=luma|density=structure|sampling=wse|orientation=tensor|color=bilinear|scale=spacing|scale_cap=none|opacity=none|renderer=cuda|aa=0.0|color_basis=constant|color_solve=none|loss=l1|loss_weight=none|optimizer=adam|lr_schedule=none|refine_site=residual_tensor|refine_primitive=sampled_add|refine_nms=off|refine_color=target|refine_prune=off|refine_relocate=off|state_seed=off|row_temper=off|support_fade=off|pyramid=single,False,False,,,,ok,22.7051,0.64587,0.88652,,0.070612,22.304827668493473,observed,,{},,5000,1500,False,,1.2394871711730957,5.310926198959351,6.554234981536865,1,,,,,,,,,,,,,none,0.0001,32,0,,none,1.0,,,0,False,0,0.25,0.0,False,,10,0.0,-2.856142,150.0,False,0,0,,,3.2552,,
kodim13,5000,0,4750,5000,quadtree_wse,central,luma,structure,wse,tensor,bilinear,spacing,none,none,cuda,0.0,constant,none,l1,tensor,adam,none,off,off,off,single,residual_tensor,sampled_add,off,target,off,off,residual_tensor_add,strategy=quadtree_wse|tensor=central|tensor_color=luma|density=structure|sampling=wse|orientation=tensor|color=bilinear|scale=spacing|scale_cap=none|opacity=none|renderer=cuda|aa=0.0|color_basis=constant|color_solve=none|loss=l1|loss_weight=tensor|optimizer=adam|lr_schedule=none|refine_site=residual_tensor|refine_primitive=sampled_add|refine_nms=off|refine_color=target|refine_prune=off|refine_relocate=off|state_seed=off|row_temper=off|support_fade=off|pyramid=single,False,False,,,,ok,22.5045,0.64274,0.88116,,0.071008,22.26257412460663,observed,,{},,5000,1500,False,,1.2096483707427979,5.000587224960327,6.214686632156372,1,,,,,,,,,,,,,none,0.0001,32,0,,tensor,1.0,1.0551146268844604,2.0,0,False,0,0.25,0.0,False,,10,0.0,-2.840832,150.0,False,0,0,,,3.2552,,
kodim19,2000,0,1750,2000,aniso_onedge,central,luma,structure,wse,tensor,bilinear,spacing,none,none,cuda,0.0,constant,none,l1,none,adam,none,off,off,off,single,residual_tensor,sampled_add,off,target,off,off,residual_tensor_add,strategy=aniso_onedge|tensor=central|tensor_color=luma|density=structure|sampling=wse|orientation=tensor|color=bilinear|scale=spacing|scale_cap=none|opacity=none|renderer=cuda|aa=0.0|color_basis=constant|color_solve=none|loss=l1|loss_weight=none|optimizer=adam|lr_schedule=none|refine_site=residual_tensor|refine_primitive=sampled_add|refine_nms=off|refine_color=target|refine_prune=off|refine_relocate=off|state_seed=off|row_temper=off|support_fade=off|pyramid=single,False,False,,,,ok,27.6896,0.77777,0.91531,,0.039315,27.195355049525205,observed,,{},,2000,1500,False,,0.29561495780944824,5.59729266166687,5.8983378410339355,1,,,,,,,,,,,,,none,0.0001,32,0,,none,1.0,,,0,False,0,0.25,0.0,False,,10,0.0,-4.84354,150.0,False,0,0,,,1.3021,,
kodim19,2000,0,1750,2000,aniso_onedge,central,luma,structure,wse,tensor,bilinear,spacing,none,none,cuda,0.0,constant,none,l1,tensor,adam,none,off,off,off,single,residual_tensor,sampled_add,off,target,off,off,residual_tensor_add,strategy=aniso_onedge|tensor=central|tensor_color=luma|density=structure|sampling=wse|orientation=tensor|color=bilinear|scale=spacing|scale_cap=none|opacity=none|renderer=cuda|aa=0.0|color_basis=constant|color_solve=none|loss=l1|loss_weight=tensor|optimizer=adam|lr_schedule=none|refine_site=residual_tensor|refine_primitive=sampled_add|refine_nms=off|refine_color=target|refine_prune=off|refine_relocate=off|state_seed=off|row_temper=off|support_fade=off|pyramid=single,False,False,,,,ok,28.0813,0.7771,0.9178,,0.038208,27.220402667329978,observed,,{},,2000,1500,False,,0.271686315536499,5.644863605499268,5.921826124191284,1,,,,,,,,,,,,,none,0.0001,32,0,,tensor,1.0,1.04329252243042,2.0,0,False,0,0.25,0.0,False,,10,0.0,-5.203522,150.0,False,0,0,,,1.3021,,
kodim19,2000,0,1750,2000,quadtree_wse,central,luma,structure,wse,tensor,bilinear,spacing,none,none,cuda,0.0,constant,none,l1,none,adam,none,off,off,off,single,residual_tensor,sampled_add,off,target,off,off,residual_tensor_add,strategy=quadtree_wse|tensor=central|tensor_color=luma|density=structure|sampling=wse|orientation=tensor|color=bilinear|scale=spacing|scale_cap=none|opacity=none|renderer=cuda|aa=0.0|color_basis=constant|color_solve=none|loss=l1|loss_weight=none|optimizer=adam|lr_schedule=none|refine_site=residual_tensor|refine_primitive=sampled_add|refine_nms=off|refine_color=target|refine_prune=off|refine_relocate=off|state_seed=off|row_temper=off|support_fade=off|pyramid=single,False,False,,,,ok,27.9689,0.77932,0.91695,,0.038691,27.25149962327892,observed,,{},,2000,1500,False,,0.5900223255157471,5.410390853881836,6.004710674285889,1,,,,,,,,,,,,,none,0.0001,32,0,,none,1.0,,,0,False,0,0.25,0.0,False,,10,0.0,-5.137827,150.0,False,0,0,,,1.3021,,
kodim19,2000,0,1750,2000,quadtree_wse,central,luma,structure,wse,tensor,bilinear,spacing,none,none,cuda,0.0,constant,none,l1,tensor,adam,none,off,off,off,single,residual_tensor,sampled_add,off,target,off,off,residual_tensor_add,strategy=quadtree_wse|tensor=central|tensor_color=luma|density=structure|sampling=wse|orientation=tensor|color=bilinear|scale=spacing|scale_cap=none|opacity=none|renderer=cuda|aa=0.0|color_basis=constant|color_solve=none|loss=l1|loss_weight=tensor|optimizer=adam|lr_schedule=none|refine_site=residual_tensor|refine_primitive=sampled_add|refine_nms=off|refine_color=target|refine_prune=off|refine_relocate=off|state_seed=off|row_temper=off|support_fade=off|pyramid=single,False,False,,,,ok,26.6185,0.77811,0.91153,,0.039649,27.017769893063473,observed,,{},,2000,1500,False,,0.496412992477417,5.431535243988037,5.93364143371582,1,,,,,,,,,,,,,none,0.0001,32,0,,tensor,1.0,1.04329252243042,2.0,0,False,0,0.25,0.0,False,,10,0.0,-4.630703,150.0,False,0,0,,,1.3021,,
kodim19,5000,0,4750,5000,aniso_onedge,central,luma,structure,wse,tensor,bilinear,spacing,none,none,cuda,0.0,constant,none,l1,none,adam,none,off,off,off,single,residual_tensor,sampled_add,off,target,off,off,residual_tensor_add,strategy=aniso_onedge|tensor=central|tensor_color=luma|density=structure|sampling=wse|orientation=tensor|color=bilinear|scale=spacing|scale_cap=none|opacity=none|renderer=cuda|aa=0.0|color_basis=constant|color_solve=none|loss=l1|loss_weight=none|optimizer=adam|lr_schedule=none|refine_site=residual_tensor|refine_primitive=sampled_add|refine_nms=off|refine_color=target|refine_prune=off|refine_relocate=off|state_seed=off|row_temper=off|support_fade=off|pyramid=single,False,False,,,,ok,30.49,0.83974,0.95386,,0.026186,29.816005788857815,observed,,{},,5000,1500,False,,0.9829025268554688,6.356644868850708,7.344259738922119,1,,,,,,,,,,,,,none,0.0001,32,0,,none,1.0,,,0,False,0,0.25,0.0,False,,10,0.0,-2.126345,150.0,False,0,0,,,3.2552,,
kodim19,5000,0,4750,5000,aniso_onedge,central,luma,structure,wse,tensor,bilinear,spacing,none,none,cuda,0.0,constant,none,l1,tensor,adam,none,off,off,off,single,residual_tensor,sampled_add,off,target,off,off,residual_tensor_add,strategy=aniso_onedge|tensor=central|tensor_color=luma|density=structure|sampling=wse|orientation=tensor|color=bilinear|scale=spacing|scale_cap=none|opacity=none|renderer=cuda|aa=0.0|color_basis=constant|color_solve=none|loss=l1|loss_weight=tensor|optimizer=adam|lr_schedule=none|refine_site=residual_tensor|refine_primitive=sampled_add|refine_nms=off|refine_color=target|refine_prune=off|refine_relocate=off|state_seed=off|row_temper=off|support_fade=off|pyramid=single,False,False,,,,ok,30.4295,0.84005,0.95278,,0.026315,29.786874092921487,observed,,{},,5000,1500,False,,0.9782047271728516,6.3015429973602295,7.284451007843018,1,,,,,,,,,,,,,none,0.0001,32,0,,tensor,1.0,1.04329252243042,2.0,0,False,0,0.25,0.0,False,,10,0.0,-2.31498,150.0,False,0,0,,,3.2552,,
kodim19,5000,0,4750,5000,quadtree_wse,central,luma,structure,wse,tensor,bilinear,spacing,none,none,cuda,0.0,constant,none,l1,none,adam,none,off,off,off,single,residual_tensor,sampled_add,off,target,off,off,residual_tensor_add,strategy=quadtree_wse|tensor=central|tensor_color=luma|density=structure|sampling=wse|orientation=tensor|color=bilinear|scale=spacing|scale_cap=none|opacity=none|renderer=cuda|aa=0.0|color_basis=constant|color_solve=none|loss=l1|loss_weight=none|optimizer=adam|lr_schedule=none|refine_site=residual_tensor|refine_primitive=sampled_add|refine_nms=off|refine_color=target|refine_prune=off|refine_relocate=off|state_seed=off|row_temper=off|support_fade=off|pyramid=single,False,False,,,,ok,30.7358,0.84244,0.95432,,0.026337,30.03608843706066,observed,,{},,5000,1500,False,,1.25968599319458,6.217591762542725,7.482046365737915,1,,,,,,,,,,,,,none,0.0001,32,0,,none,1.0,,,0,False,0,0.25,0.0,False,,10,0.0,-2.325571,150.0,False,0,0,,,3.2552,,
kodim19,5000,0,4750,5000,quadtree_wse,central,luma,structure,wse,tensor,bilinear,spacing,none,none,cuda,0.0,constant,none,l1,tensor,adam,none,off,off,off,single,residual_tensor,sampled_add,off,target,off,off,residual_tensor_add,strategy=quadtree_wse|tensor=central|tensor_color=luma|density=structure|sampling=wse|orientation=tensor|color=bilinear|scale=spacing|scale_cap=none|opacity=none|renderer=cuda|aa=0.0|color_basis=constant|color_solve=none|loss=l1|loss_weight=tensor|optimizer=adam|lr_schedule=none|refine_site=residual_tensor|refine_primitive=sampled_add|refine_nms=off|refine_color=target|refine_prune=off|refine_relocate=off|state_seed=off|row_temper=off|support_fade=off|pyramid=single,False,False,,,,ok,30.7936,0.8437,0.95393,,0.025844,30.030434900478493,observed,,{},,5000,1500,False,,1.2475500106811523,6.109407663345337,7.363454580307007,1,,,,,,,,,,,,,none,0.0001,32,0,,tensor,1.0,1.04329252243042,2.0,0,False,0,0.25,0.0,False,,10,0.0,-3.06937,150.0,False,0,0,,,3.2552,,
