adaptive_count,auc_psnr,color_solve_every,color_solve_schedule,error,feature_cap_px,final_budget,final_scale_max,final_scale_mean,final_scale_p95,fit_seconds,growth_rule,growth_waves,height,image,init_seconds,iterations_run,iters,loss_weight_beta,loss_weighting,lpips,luma_psnr,mae,max_side,method,method_label,method_note,method_track,ms_ssim,mse,n_gaussians,p95_abs_error,pixel_loss,psnr,reconstruction_path,renderer,scale_cap_input,scale_cap_max,scale_cap_reference_side,scale_cap_rule,seed,source_path,ssim,ssim_weight,start_budget,start_fraction,start_gaussians,status,stopped_early,support_fade,target_path,total_seconds,variant_max_gaussians,width
False,24.450736093616676,,none,,12.0,640,12.0,2.8715407848358154,9.334024429321289,1.8063163757324219,residual_tensor_add,5,120,COCO_train2014_000000000009,0.0628964900970459,500,500,1.0,none,0.053900495171546936,28.634061813354492,0.026028459891676903,160,structsplat_best_default,SS best default,"Pinned current Gaussian-image winner: aniso_onedge + WSE, feature cap 12@160, tensor-aware residual growth, 5 growth waves, L1 + 0.3 SSIM.",best-default,0.9826372861862183,0.0017718926537781954,640,0.09310752898454666,l1,27.515628814697266,results/fit013_gcr_schedule_coco4_proxy/reconstructions/COCO_train2014_000000000009/640/seed0_structsplat_best_default.png,cuda,12.0,12.0,160.0,feature,0,tests/test_images/COCO_train2014_000000000009.jpg,0.9038607478141785,0.3,320,0.5,320,ok,False,False,results/fit013_gcr_schedule_coco4_proxy/targets/COCO_train2014_000000000009.png,1.8692128658294678,,160
False,24.50346564673231,,none,,12.0,640,12.0,2.9199013710021973,9.343709945678711,1.2616806030273438,residual_tensor_add,5,120,COCO_train2014_000000000009,0.053005218505859375,500,500,1.0,none,0.05774005502462387,28.74401092529297,0.0259451474994421,160,structsplat_best_gcr015,SS best + GCR 0.015,Best default plus ground-truth-gradient-weighted Sobel consistency at weight 0.015.,best-geometry-loss,0.9837483167648315,0.0017451506573706865,640,0.09232763946056366,l1,27.58167266845703,results/fit013_gcr_schedule_coco4_proxy/reconstructions/COCO_train2014_000000000009/640/seed0_structsplat_best_gcr015.png,cuda,12.0,12.0,160.0,feature,0,tests/test_images/COCO_train2014_000000000009.jpg,0.9061245322227478,0.3,320,0.5,320,ok,False,False,results/fit013_gcr_schedule_coco4_proxy/targets/COCO_train2014_000000000009.png,1.3146858215332031,,160
False,24.49050690415866,,none,,12.0,640,12.0,2.8367276191711426,9.700648307800293,1.2294423580169678,residual_tensor_add,5,120,COCO_train2014_000000000009,0.055791616439819336,500,500,1.0,none,0.05661546811461449,28.811634063720703,0.02573479898273945,160,structsplat_best_gcr015_e2,SS best + GCR 0.015 every2,GCR 0.015 evaluated every 2 steps with active weight scaled to preserve its mean.,best-geometry-loss,0.9832871556282043,0.0017113713547587395,640,0.0922490656375885,l1,27.66655921936035,results/fit013_gcr_schedule_coco4_proxy/reconstructions/COCO_train2014_000000000009/640/seed0_structsplat_best_gcr015_e2.png,cuda,12.0,12.0,160.0,feature,0,tests/test_images/COCO_train2014_000000000009.jpg,0.9060789942741394,0.3,320,0.5,320,ok,False,False,results/fit013_gcr_schedule_coco4_proxy/targets/COCO_train2014_000000000009.png,1.285233974456787,,160
False,24.45524452683443,,none,,12.0,640,12.0,2.8868985176086426,9.54833984375,1.2008116245269775,residual_tensor_add,5,120,COCO_train2014_000000000009,0.0504913330078125,500,500,1.0,none,0.04961009323596954,28.617347717285156,0.026379281654953957,160,structsplat_best_gcr015_e4,SS best + GCR 0.015 every4,GCR 0.015 evaluated every 4 steps with active weight scaled to preserve its mean.,best-geometry-loss,0.9831448197364807,0.001792949391528964,640,0.0944008156657219,l1,27.46432113647461,results/fit013_gcr_schedule_coco4_proxy/reconstructions/COCO_train2014_000000000009/640/seed0_structsplat_best_gcr015_e4.png,cuda,12.0,12.0,160.0,feature,0,tests/test_images/COCO_train2014_000000000009.jpg,0.9035130143165588,0.3,320,0.5,320,ok,False,False,results/fit013_gcr_schedule_coco4_proxy/targets/COCO_train2014_000000000009.png,1.25130295753479,,160
False,24.390427236805458,,none,,12.0,640,12.0,2.956686019897461,9.470383644104004,1.1279332637786865,residual_tensor_add,5,120,COCO_train2014_000000000009,0.05030703544616699,500,500,1.0,none,0.05502964183688164,28.396316528320312,0.026264384388923645,160,structsplat_best_default,SS best default,"Pinned current Gaussian-image winner: aniso_onedge + WSE, feature cap 12@160, tensor-aware residual growth, 5 growth waves, L1 + 0.3 SSIM.",best-default,0.9827432036399841,0.0018813401693478227,640,0.09436637163162231,l1,27.255327224731445,results/fit013_gcr_schedule_coco4_proxy/reconstructions/COCO_train2014_000000000009/640/seed1_structsplat_best_default.png,cuda,12.0,12.0,160.0,feature,1,tests/test_images/COCO_train2014_000000000009.jpg,0.9029370546340942,0.3,320,0.5,320,ok,False,False,results/fit013_gcr_schedule_coco4_proxy/targets/COCO_train2014_000000000009.png,1.1782402992248535,,160
False,24.54867028425595,,none,,12.0,640,12.0,2.8817760944366455,8.820690155029297,1.2936043739318848,residual_tensor_add,5,120,COCO_train2014_000000000009,0.05105900764465332,500,500,1.0,none,0.056275248527526855,28.830036163330078,0.025873638689517975,160,structsplat_best_gcr015,SS best + GCR 0.015,Best default plus ground-truth-gradient-weighted Sobel consistency at weight 0.015.,best-geometry-loss,0.9840191006660461,0.0017156770918518305,640,0.09189201891422272,l1,27.655643463134766,results/fit013_gcr_schedule_coco4_proxy/reconstructions/COCO_train2014_000000000009/640/seed1_structsplat_best_gcr015.png,cuda,12.0,12.0,160.0,feature,1,tests/test_images/COCO_train2014_000000000009.jpg,0.9057559967041016,0.3,320,0.5,320,ok,False,False,results/fit013_gcr_schedule_coco4_proxy/targets/COCO_train2014_000000000009.png,1.344663381576538,,160
False,24.51050237089933,,none,,12.0,640,12.0,2.8969037532806396,9.474519729614258,1.1859774589538574,residual_tensor_add,5,120,COCO_train2014_000000000009,0.05050945281982422,500,500,1.0,none,0.053102102130651474,28.993892669677734,0.025486579164862633,160,structsplat_best_gcr015_e2,SS best + GCR 0.015 every2,GCR 0.015 evaluated every 2 steps with active weight scaled to preserve its mean.,best-geometry-loss,0.9839521050453186,0.001663520117290318,640,0.09054470807313919,l1,27.789722442626953,results/fit013_gcr_schedule_coco4_proxy/reconstructions/COCO_train2014_000000000009/640/seed1_structsplat_best_gcr015_e2.png,cuda,12.0,12.0,160.0,feature,1,tests/test_images/COCO_train2014_000000000009.jpg,0.9086236357688904,0.3,320,0.5,320,ok,False,False,results/fit013_gcr_schedule_coco4_proxy/targets/COCO_train2014_000000000009.png,1.2364869117736816,,160
False,24.487741412046198,,none,,12.0,640,12.0,2.939509153366089,9.29879379272461,1.1768524646759033,residual_tensor_add,5,120,COCO_train2014_000000000009,0.0517725944519043,500,500,1.0,none,0.05445559322834015,28.677677154541016,0.026144055649638176,160,structsplat_best_gcr015_e4,SS best + GCR 0.015 every4,GCR 0.015 evaluated every 4 steps with active weight scaled to preserve its mean.,best-geometry-loss,0.9832636713981628,0.0017691690009087324,640,0.09310469776391983,l1,27.522308349609375,results/fit013_gcr_schedule_coco4_proxy/reconstructions/COCO_train2014_000000000009/640/seed1_structsplat_best_gcr015_e4.png,cuda,12.0,12.0,160.0,feature,1,tests/test_images/COCO_train2014_000000000009.jpg,0.9041324853897095,0.3,320,0.5,320,ok,False,False,results/fit013_gcr_schedule_coco4_proxy/targets/COCO_train2014_000000000009.png,1.2286250591278076,,160
False,23.119825785527965,,none,,12.0,640,12.0,2.613593578338623,8.665749549865723,1.2143771648406982,residual_tensor_add,5,106,COCO_train2014_000000000025,0.04905223846435547,500,500,1.0,none,0.1872636079788208,25.447521209716797,0.03798363357782364,160,structsplat_best_default,SS best default,"Pinned current Gaussian-image winner: aniso_onedge + WSE, feature cap 12@160, tensor-aware residual growth, 5 growth waves, L1 + 0.3 SSIM.",best-default,0.9665863513946533,0.0029386382084339857,640,0.11642273515462875,l1,25.318538665771484,results/fit013_gcr_schedule_coco4_proxy/reconstructions/COCO_train2014_000000000025/640/seed0_structsplat_best_default.png,cuda,12.0,12.0,160.0,feature,0,tests/test_images/COCO_train2014_000000000025.jpg,0.823291540145874,0.3,320,0.5,320,ok,False,False,results/fit013_gcr_schedule_coco4_proxy/targets/COCO_train2014_000000000025.png,1.2634294033050537,,160
False,23.214229092569294,,none,,12.0,640,12.0,2.5006625652313232,7.8305439949035645,1.3709523677825928,residual_tensor_add,5,106,COCO_train2014_000000000025,0.04761552810668945,500,500,1.0,none,0.2175929993391037,25.466501235961914,0.03824802115559578,160,structsplat_best_gcr015,SS best + GCR 0.015,Best default plus ground-truth-gradient-weighted Sobel consistency at weight 0.015.,best-geometry-loss,0.9677509665489197,0.002945223357528448,640,0.11562291532754898,l1,25.308818817138672,results/fit013_gcr_schedule_coco4_proxy/reconstructions/COCO_train2014_000000000025/640/seed0_structsplat_best_gcr015.png,cuda,12.0,12.0,160.0,feature,0,tests/test_images/COCO_train2014_000000000025.jpg,0.8238451480865479,0.3,320,0.5,320,ok,False,False,results/fit013_gcr_schedule_coco4_proxy/targets/COCO_train2014_000000000025.png,1.4185678958892822,,160
False,23.135865165618714,,none,,12.0,640,12.0,2.6349236965179443,8.667637825012207,1.1907155513763428,residual_tensor_add,5,106,COCO_train2014_000000000025,0.047092437744140625,500,500,1.0,none,0.22767989337444305,25.28254508972168,0.03875233978033066,160,structsplat_best_gcr015_e2,SS best + GCR 0.015 every2,GCR 0.015 evaluated every 2 steps with active weight scaled to preserve its mean.,best-geometry-loss,0.9635910987854004,0.0030360380187630653,640,0.11856033653020859,l1,25.176929473876953,results/fit013_gcr_schedule_coco4_proxy/reconstructions/COCO_train2014_000000000025/640/seed0_structsplat_best_gcr015_e2.png,cuda,12.0,12.0,160.0,feature,0,tests/test_images/COCO_train2014_000000000025.jpg,0.8155199885368347,0.3,320,0.5,320,ok,False,False,results/fit013_gcr_schedule_coco4_proxy/targets/COCO_train2014_000000000025.png,1.2378079891204834,,160
False,23.220786155823,,none,,12.0,640,12.0,2.5286335945129395,8.527993202209473,1.2349166870117188,residual_tensor_add,5,106,COCO_train2014_000000000025,0.04780840873718262,500,500,1.0,none,0.2041497379541397,25.55582046508789,0.03784225508570671,160,structsplat_best_gcr015_e4,SS best + GCR 0.015 every4,GCR 0.015 evaluated every 4 steps with active weight scaled to preserve its mean.,best-geometry-loss,0.9672896862030029,0.0028765923343598843,640,0.11603634059429169,l1,25.411216735839844,results/fit013_gcr_schedule_coco4_proxy/reconstructions/COCO_train2014_000000000025/640/seed0_structsplat_best_gcr015_e4.png,cuda,12.0,12.0,160.0,feature,0,tests/test_images/COCO_train2014_000000000025.jpg,0.8249298930168152,0.3,320,0.5,320,ok,False,False,results/fit013_gcr_schedule_coco4_proxy/targets/COCO_train2014_000000000025.png,1.2827250957489014,,160
False,23.150016249540094,,none,,12.0,640,12.0,2.586637020111084,8.06335163116455,1.1229181289672852,residual_tensor_add,5,106,COCO_train2014_000000000025,0.047358036041259766,500,500,1.0,none,0.20121662318706512,25.455482482910156,0.038208674639463425,160,structsplat_best_default,SS best default,"Pinned current Gaussian-image winner: aniso_onedge + WSE, feature cap 12@160, tensor-aware residual growth, 5 growth waves, L1 + 0.3 SSIM.",best-default,0.9665544629096985,0.0029442303348332644,640,0.11673028022050858,l1,25.310283660888672,results/fit013_gcr_schedule_coco4_proxy/reconstructions/COCO_train2014_000000000025/640/seed1_structsplat_best_default.png,cuda,12.0,12.0,160.0,feature,1,tests/test_images/COCO_train2014_000000000025.jpg,0.8230980038642883,0.3,320,0.5,320,ok,False,False,results/fit013_gcr_schedule_coco4_proxy/targets/COCO_train2014_000000000025.png,1.170276165008545,,160
False,23.23280017982743,,none,,12.0,640,12.0,2.5883991718292236,8.590340614318848,1.3438847064971924,residual_tensor_add,5,106,COCO_train2014_000000000025,0.04773569107055664,500,500,1.0,none,0.17949727177619934,25.45494842529297,0.03839077055454254,160,structsplat_best_gcr015,SS best + GCR 0.015,Best default plus ground-truth-gradient-weighted Sobel consistency at weight 0.015.,best-geometry-loss,0.9660950303077698,0.002939624013379216,640,0.11554288864135742,l1,25.317081451416016,results/fit013_gcr_schedule_coco4_proxy/reconstructions/COCO_train2014_000000000025/640/seed1_structsplat_best_gcr015.png,cuda,12.0,12.0,160.0,feature,1,tests/test_images/COCO_train2014_000000000025.jpg,0.819648265838623,0.3,320,0.5,320,ok,False,False,results/fit013_gcr_schedule_coco4_proxy/targets/COCO_train2014_000000000025.png,1.391620397567749,,160
False,23.242247084577482,,none,,12.0,640,12.0,2.571585178375244,8.170588493347168,1.2402901649475098,residual_tensor_add,5,106,COCO_train2014_000000000025,0.051139116287231445,500,500,1.0,none,0.21518109738826752,25.6070556640625,0.037889230996370316,160,structsplat_best_gcr015_e2,SS best + GCR 0.015 every2,GCR 0.015 evaluated every 2 steps with active weight scaled to preserve its mean.,best-geometry-loss,0.9668872952461243,0.002846993738785386,640,0.1147313117980957,l1,25.456134796142578,results/fit013_gcr_schedule_coco4_proxy/reconstructions/COCO_train2014_000000000025/640/seed1_structsplat_best_gcr015_e2.png,cuda,12.0,12.0,160.0,feature,1,tests/test_images/COCO_train2014_000000000025.jpg,0.8242202997207642,0.3,320,0.5,320,ok,False,False,results/fit013_gcr_schedule_coco4_proxy/targets/COCO_train2014_000000000025.png,1.2914292812347412,,160
False,23.169404060424927,,none,,12.0,640,12.0,2.5834267139434814,8.343255996704102,1.179521083831787,residual_tensor_add,5,106,COCO_train2014_000000000025,0.04698586463928223,500,500,1.0,none,0.18590694665908813,25.53978729248047,0.038096554577350616,160,structsplat_best_gcr015_e4,SS best + GCR 0.015 every4,GCR 0.015 evaluated every 4 steps with active weight scaled to preserve its mean.,best-geometry-loss,0.9668155312538147,0.002891148906201124,640,0.11537083238363266,l1,25.389297485351562,results/fit013_gcr_schedule_coco4_proxy/reconstructions/COCO_train2014_000000000025/640/seed1_structsplat_best_gcr015_e4.png,cuda,12.0,12.0,160.0,feature,1,tests/test_images/COCO_train2014_000000000025.jpg,0.8222593069076538,0.3,320,0.5,320,ok,False,False,results/fit013_gcr_schedule_coco4_proxy/targets/COCO_train2014_000000000025.png,1.2265069484710693,,160
False,29.893947526782693,,none,,12.0,640,12.0,3.0577828884124756,9.543701171875,1.1138992309570312,residual_tensor_add,5,107,COCO_train2014_000000000030,0.05449700355529785,500,500,1.0,none,0.033737845718860626,35.2763557434082,0.012842673808336258,160,structsplat_best_default,SS best default,"Pinned current Gaussian-image winner: aniso_onedge + WSE, feature cap 12@160, tensor-aware residual growth, 5 growth waves, L1 + 0.3 SSIM.",best-default,0.9911296367645264,0.0004132797184865922,640,0.04327816888689995,l1,33.837562561035156,results/fit013_gcr_schedule_coco4_proxy/reconstructions/COCO_train2014_000000000030/640/seed0_structsplat_best_default.png,cuda,12.0,12.0,160.0,feature,0,tests/test_images/COCO_train2014_000000000030.jpg,0.9521069526672363,0.3,320,0.5,320,ok,False,False,results/fit013_gcr_schedule_coco4_proxy/targets/COCO_train2014_000000000030.png,1.168396234512329,,160
False,29.958863625306645,,none,,12.0,640,12.0,3.0316390991210938,9.679890632629395,1.3219223022460938,residual_tensor_add,5,107,COCO_train2014_000000000030,0.054164886474609375,500,500,1.0,none,0.031093675643205643,35.2852668762207,0.012639311142265797,160,structsplat_best_gcr015,SS best + GCR 0.015,Best default plus ground-truth-gradient-weighted Sobel consistency at weight 0.015.,best-geometry-loss,0.9912638068199158,0.0003998836036771536,640,0.04315492883324623,l1,33.98066711425781,results/fit013_gcr_schedule_coco4_proxy/reconstructions/COCO_train2014_000000000030/640/seed0_structsplat_best_gcr015.png,cuda,12.0,12.0,160.0,feature,0,tests/test_images/COCO_train2014_000000000030.jpg,0.9530998468399048,0.3,320,0.5,320,ok,False,False,results/fit013_gcr_schedule_coco4_proxy/targets/COCO_train2014_000000000030.png,1.3760871887207031,,160
False,29.96597130456286,,none,,12.0,640,12.0,3.0868515968322754,9.754920959472656,1.265392780303955,residual_tensor_add,5,107,COCO_train2014_000000000030,0.05349111557006836,500,500,1.0,none,0.03341668099164963,35.34040832519531,0.012869381345808506,160,structsplat_best_gcr015_e2,SS best + GCR 0.015 every2,GCR 0.015 evaluated every 2 steps with active weight scaled to preserve its mean.,best-geometry-loss,0.9908624887466431,0.0004034317680634558,640,0.0428740568459034,l1,33.942298889160156,results/fit013_gcr_schedule_coco4_proxy/reconstructions/COCO_train2014_000000000030/640/seed0_structsplat_best_gcr015_e2.png,cuda,12.0,12.0,160.0,feature,0,tests/test_images/COCO_train2014_000000000030.jpg,0.9517346024513245,0.3,320,0.5,320,ok,False,False,results/fit013_gcr_schedule_coco4_proxy/targets/COCO_train2014_000000000030.png,1.3188838958740234,,160
False,30.042339051653723,,none,,12.0,640,12.0,3.0532948970794678,9.737259864807129,1.2543606758117676,residual_tensor_add,5,107,COCO_train2014_000000000030,0.054524898529052734,500,500,1.0,none,0.03533002361655235,35.437538146972656,0.012801136821508408,160,structsplat_best_gcr015_e4,SS best + GCR 0.015 every4,GCR 0.015 evaluated every 4 steps with active weight scaled to preserve its mean.,best-geometry-loss,0.9908443093299866,0.00039799584192223847,640,0.04282062128186226,l1,34.001216888427734,results/fit013_gcr_schedule_coco4_proxy/reconstructions/COCO_train2014_000000000030/640/seed0_structsplat_best_gcr015_e4.png,cuda,12.0,12.0,160.0,feature,0,tests/test_images/COCO_train2014_000000000030.jpg,0.9510467052459717,0.3,320,0.5,320,ok,False,False,results/fit013_gcr_schedule_coco4_proxy/targets/COCO_train2014_000000000030.png,1.3088855743408203,,160
False,29.88107720262302,,none,,12.0,640,12.0,3.0889270305633545,9.337555885314941,1.1245098114013672,residual_tensor_add,5,107,COCO_train2014_000000000030,0.05597829818725586,500,500,1.0,none,0.03451940417289734,35.00918960571289,0.013131729327142239,160,structsplat_best_default,SS best default,"Pinned current Gaussian-image winner: aniso_onedge + WSE, feature cap 12@160, tensor-aware residual growth, 5 growth waves, L1 + 0.3 SSIM.",best-default,0.9906435608863831,0.0004366765497252345,640,0.04432462528347969,l1,33.5984001159668,results/fit013_gcr_schedule_coco4_proxy/reconstructions/COCO_train2014_000000000030/640/seed1_structsplat_best_default.png,cuda,12.0,12.0,160.0,feature,1,tests/test_images/COCO_train2014_000000000030.jpg,0.951792299747467,0.3,320,0.5,320,ok,False,False,results/fit013_gcr_schedule_coco4_proxy/targets/COCO_train2014_000000000030.png,1.180488109588623,,160
False,30.041600171932,,none,,12.0,640,12.0,3.0684573650360107,9.69367790222168,1.3674118518829346,residual_tensor_add,5,107,COCO_train2014_000000000030,0.05870652198791504,500,500,1.0,none,0.033694226294755936,35.2029914855957,0.012971870601177216,160,structsplat_best_gcr015,SS best + GCR 0.015,Best default plus ground-truth-gradient-weighted Sobel consistency at weight 0.015.,best-geometry-loss,0.9903295040130615,0.0004150107561144978,640,0.043576937168836594,l1,33.81940841674805,results/fit013_gcr_schedule_coco4_proxy/reconstructions/COCO_train2014_000000000030/640/seed1_structsplat_best_gcr015.png,cuda,12.0,12.0,160.0,feature,1,tests/test_images/COCO_train2014_000000000030.jpg,0.9512302279472351,0.3,320,0.5,320,ok,False,False,results/fit013_gcr_schedule_coco4_proxy/targets/COCO_train2014_000000000030.png,1.4261183738708496,,160
False,30.033921446255547,,none,,12.0,640,12.0,3.0873539447784424,9.807445526123047,1.2648975849151611,residual_tensor_add,5,107,COCO_train2014_000000000030,0.05538177490234375,500,500,1.0,none,0.0350482240319252,35.15454864501953,0.013097505085170269,160,structsplat_best_gcr015_e2,SS best + GCR 0.015 every2,GCR 0.015 evaluated every 2 steps with active weight scaled to preserve its mean.,best-geometry-loss,0.9904732704162598,0.00041831014095805585,640,0.04350995272397995,l1,33.78501510620117,results/fit013_gcr_schedule_coco4_proxy/reconstructions/COCO_train2014_000000000030/640/seed1_structsplat_best_gcr015_e2.png,cuda,12.0,12.0,160.0,feature,1,tests/test_images/COCO_train2014_000000000030.jpg,0.9495964646339417,0.3,320,0.5,320,ok,False,False,results/fit013_gcr_schedule_coco4_proxy/targets/COCO_train2014_000000000030.png,1.3202793598175049,,160
False,30.054693600457753,,none,,12.0,640,12.0,3.0124518871307373,9.338643074035645,1.31394624710083,residual_tensor_add,5,107,COCO_train2014_000000000030,0.05540132522583008,500,500,1.0,none,0.03542674332857132,35.301082611083984,0.012974414974451065,160,structsplat_best_gcr015_e4,SS best + GCR 0.015 every4,GCR 0.015 evaluated every 4 steps with active weight scaled to preserve its mean.,best-geometry-loss,0.9902039766311646,0.0004123783437535167,640,0.04313954338431358,l1,33.847042083740234,results/fit013_gcr_schedule_coco4_proxy/reconstructions/COCO_train2014_000000000030/640/seed1_structsplat_best_gcr015_e4.png,cuda,12.0,12.0,160.0,feature,1,tests/test_images/COCO_train2014_000000000030.jpg,0.9512629508972168,0.3,320,0.5,320,ok,False,False,results/fit013_gcr_schedule_coco4_proxy/targets/COCO_train2014_000000000030.png,1.3693475723266602,,160
False,21.912719682605566,,none,,12.0,640,12.0,2.6294209957122803,7.820478439331055,1.1605725288391113,residual_tensor_add,5,106,COCO_train2014_000000000034,0.05350613594055176,500,500,1.0,none,0.10048723220825195,25.324554443359375,0.04420791566371918,160,structsplat_best_default,SS best default,"Pinned current Gaussian-image winner: aniso_onedge + WSE, feature cap 12@160, tensor-aware residual growth, 5 growth waves, L1 + 0.3 SSIM.",best-default,0.9448161721229553,0.003734002588316798,640,0.12741249799728394,l1,24.278255462646484,results/fit013_gcr_schedule_coco4_proxy/reconstructions/COCO_train2014_000000000034/640/seed0_structsplat_best_default.png,cuda,12.0,12.0,160.0,feature,0,tests/test_images/COCO_train2014_000000000034.jpg,0.7644933462142944,0.3,320,0.5,320,ok,False,False,results/fit013_gcr_schedule_coco4_proxy/targets/COCO_train2014_000000000034.png,1.214078664779663,,160
False,21.9498454707419,,none,,12.0,640,12.0,2.635923147201538,8.077325820922852,1.3520500659942627,residual_tensor_add,5,106,COCO_train2014_000000000034,0.05576443672180176,500,500,1.0,none,0.09051123261451721,25.07733917236328,0.04495479539036751,160,structsplat_best_gcr015,SS best + GCR 0.015,Best default plus ground-truth-gradient-weighted Sobel consistency at weight 0.015.,best-geometry-loss,0.9437684416770935,0.0038531033787876368,640,0.12751512229442596,l1,24.14189338684082,results/fit013_gcr_schedule_coco4_proxy/reconstructions/COCO_train2014_000000000034/640/seed0_structsplat_best_gcr015.png,cuda,12.0,12.0,160.0,feature,0,tests/test_images/COCO_train2014_000000000034.jpg,0.7628365755081177,0.3,320,0.5,320,ok,False,False,results/fit013_gcr_schedule_coco4_proxy/targets/COCO_train2014_000000000034.png,1.4078145027160645,,160
False,21.92898980027927,,none,,12.0,640,12.0,2.613771438598633,8.084962844848633,1.2924604415893555,residual_tensor_add,5,106,COCO_train2014_000000000034,0.05193686485290527,500,500,1.0,none,0.09936385601758957,25.446683883666992,0.044479820877313614,160,structsplat_best_gcr015_e2,SS best + GCR 0.015 every2,GCR 0.015 evaluated every 2 steps with active weight scaled to preserve its mean.,best-geometry-loss,0.944987416267395,0.003658316796645522,640,0.12602931261062622,l1,24.3671875,results/fit013_gcr_schedule_coco4_proxy/reconstructions/COCO_train2014_000000000034/640/seed0_structsplat_best_gcr015_e2.png,cuda,12.0,12.0,160.0,feature,0,tests/test_images/COCO_train2014_000000000034.jpg,0.7643067836761475,0.3,320,0.5,320,ok,False,False,results/fit013_gcr_schedule_coco4_proxy/targets/COCO_train2014_000000000034.png,1.3443973064422607,,160
False,21.66008454859854,,none,,12.0,640,12.0,2.525247097015381,7.31611967086792,1.3450400829315186,residual_tensor_add,5,106,COCO_train2014_000000000034,0.05558466911315918,500,500,1.0,none,0.10654788464307785,24.69132423400879,0.0470186322927475,160,structsplat_best_gcr015_e4,SS best + GCR 0.015 every4,GCR 0.015 evaluated every 4 steps with active weight scaled to preserve its mean.,best-geometry-loss,0.935455322265625,0.004264355171471834,640,0.13494691252708435,l1,23.701467514038086,results/fit013_gcr_schedule_coco4_proxy/reconstructions/COCO_train2014_000000000034/640/seed0_structsplat_best_gcr015_e4.png,cuda,12.0,12.0,160.0,feature,0,tests/test_images/COCO_train2014_000000000034.jpg,0.7484996914863586,0.3,320,0.5,320,ok,False,False,results/fit013_gcr_schedule_coco4_proxy/targets/COCO_train2014_000000000034.png,1.4006247520446777,,160
False,21.860238465135225,,none,,12.0,640,12.0,2.519059896469116,7.694335460662842,2.3505475521087646,residual_tensor_add,5,106,COCO_train2014_000000000034,0.05612540245056152,500,500,1.0,none,0.10047776252031326,25.099523544311523,0.04462013393640518,160,structsplat_best_default,SS best default,"Pinned current Gaussian-image winner: aniso_onedge + WSE, feature cap 12@160, tensor-aware residual growth, 5 growth waves, L1 + 0.3 SSIM.",best-default,0.9431107640266418,0.0038355474825948477,640,0.12857799232006073,l1,24.161727905273438,results/fit013_gcr_schedule_coco4_proxy/reconstructions/COCO_train2014_000000000034/640/seed1_structsplat_best_default.png,cuda,12.0,12.0,160.0,feature,1,tests/test_images/COCO_train2014_000000000034.jpg,0.7593923211097717,0.3,320,0.5,320,ok,False,False,results/fit013_gcr_schedule_coco4_proxy/targets/COCO_train2014_000000000034.png,2.406672954559326,,160
False,21.826604720824704,,none,,12.0,640,12.0,2.544628858566284,7.796164035797119,3.6019272804260254,residual_tensor_add,5,106,COCO_train2014_000000000034,0.10536336898803711,500,500,1.0,none,0.10866115242242813,25.146875381469727,0.0450613759458065,160,structsplat_best_gcr015,SS best + GCR 0.015,Best default plus ground-truth-gradient-weighted Sobel consistency at weight 0.015.,best-geometry-loss,0.9428256154060364,0.003839218057692051,640,0.128934845328331,l1,24.157573699951172,results/fit013_gcr_schedule_coco4_proxy/reconstructions/COCO_train2014_000000000034/640/seed1_structsplat_best_gcr015.png,cuda,12.0,12.0,160.0,feature,1,tests/test_images/COCO_train2014_000000000034.jpg,0.757759690284729,0.3,320,0.5,320,ok,False,False,results/fit013_gcr_schedule_coco4_proxy/targets/COCO_train2014_000000000034.png,3.7072906494140625,,160
False,21.889225652079304,,none,,12.0,640,12.0,2.630457878112793,8.37351131439209,3.22237229347229,residual_tensor_add,5,106,COCO_train2014_000000000034,0.1622920036315918,500,500,1.0,none,0.10247994214296341,25.35321807861328,0.044621728360652924,160,structsplat_best_gcr015_e2,SS best + GCR 0.015 every2,GCR 0.015 evaluated every 2 steps with active weight scaled to preserve its mean.,best-geometry-loss,0.9453421235084534,0.003719344735145569,640,0.12771999835968018,l1,24.295337677001953,results/fit013_gcr_schedule_coco4_proxy/reconstructions/COCO_train2014_000000000034/640/seed1_structsplat_best_gcr015_e2.png,cuda,12.0,12.0,160.0,feature,1,tests/test_images/COCO_train2014_000000000034.jpg,0.7608909606933594,0.3,320,0.5,320,ok,False,False,results/fit013_gcr_schedule_coco4_proxy/targets/COCO_train2014_000000000034.png,3.384664297103882,,160
False,21.787919455396388,,none,,12.0,640,12.0,2.6118123531341553,8.397799491882324,3.7410247325897217,residual_tensor_add,5,106,COCO_train2014_000000000034,0.15581583976745605,500,500,1.0,none,0.10701274871826172,25.37833023071289,0.04470175504684448,160,structsplat_best_gcr015_e4,SS best + GCR 0.015 every4,GCR 0.015 evaluated every 4 steps with active weight scaled to preserve its mean.,best-geometry-loss,0.9433355927467346,0.0037098503671586514,640,0.12754537165164948,l1,24.306434631347656,results/fit013_gcr_schedule_coco4_proxy/reconstructions/COCO_train2014_000000000034/640/seed1_structsplat_best_gcr015_e4.png,cuda,12.0,12.0,160.0,feature,1,tests/test_images/COCO_train2014_000000000034.jpg,0.7611505389213562,0.3,320,0.5,320,ok,False,False,results/fit013_gcr_schedule_coco4_proxy/targets/COCO_train2014_000000000034.png,3.8968405723571777,,160
