scope,value,pairs,d_psnr_mean,d_psnr_median,d_psnr_min,d_psnr_max,psnr_wins,d_ms_ssim_mean,d_ms_ssim_median,d_ms_ssim_min,d_ms_ssim_max,ms_ssim_wins,d_edge_mae_mean,d_edge_mae_median,d_edge_mae_min,d_edge_mae_max,edge_mae_wins,d_auc_psnr_mean,d_auc_psnr_median,d_auc_psnr_min,d_auc_psnr_max,auc_psnr_wins,d_fit_seconds_mean,d_fit_seconds_median,d_fit_seconds_min,d_fit_seconds_max,fit_seconds_wins,d_total_seconds_mean,d_total_seconds_median,d_total_seconds_min,d_total_seconds_max,total_seconds_wins,d_iterations_run_mean,d_iterations_run_median,d_iterations_run_min,d_iterations_run_max,iterations_run_wins
arm,pyramid_frac10_cosine,16,0.44410625000000037,0.11275000000000185,-0.6252999999999993,3.2255000000000003,11,0.005954374999999982,0.00398999999999995,-0.0036,0.01946,14,0.003395624999999944,0.00346499999999995,0.000387,0.008865,0,-3.065727744959767,-2.919189634125896,-5.489749229614386,-1.359628298188781,0,0.14567728340625763,0.23302161693572992,-0.877730131149292,0.8390989303588867,10,0.07338513433933264,0.2154767513275146,-0.9535906314849854,0.7444436550140381,9,0.0,0.0,0,0,0
arm,pyramid_fullfield_iters,16,0.07939375000000037,0.01745000000000015,-0.6117000000000026,1.3793999999999969,8,0.0035368749999999754,0.006095,-0.01756,0.01229,13,0.0010806874999999623,0.0007769999999999999,-0.001905,0.0040369999999999,3,-1.5716312872088853,-1.2570112252930112,-3.2371155388185464,-0.6289698728318633,0,5.231225058436394,5.433599114418028,4.058829069137573,6.115257501602173,16,5.1772879511117935,5.385419368743897,3.5672709941864014,5.893885850906372,16,1500.0,1500.0,1500,1500,16
arm,pyramid_split_1500,16,1.0000437500000003,0.6810500000000008,0.1245000000000011,4.370900000000002,16,0.013989999999999956,0.013129999999999899,0.00381,0.03269,16,-0.0005616874999999875,-0.00035649999999995,-0.0053249999999999,0.001541,11,-1.3539900482694966,-1.163952500125104,-2.9530910010970857,-0.6971439612237802,0,0.24986660480499268,0.1936711072921753,-0.2500202655792236,0.9711308479309082,12,0.18997283279895788,0.17791032791137645,-0.7009561061859131,0.8860883712768555,12,0.0,0.0,0,0,0
arm,refine_twin,16,-0.4536874999999996,-0.3025000000000002,-2.000399999999999,0.6625999999999976,6,-0.02392374999999998,-0.02202499999999995,-0.07181,0.00187,2,0.0030382499999999815,0.0020589999999999498,-0.001727,0.015876,7,-1.9926362650803198,-1.8679264312270796,-3.735931126732602,-0.9999371300227152,0,-0.006342604756355244,0.0111831426620487,-0.6666686534881592,0.6076011657714844,9,-0.5621371269226073,-0.5577584505081177,-1.4388644695281982,0.0920362472534179,2,0.0,0.0,0,0,0
pyramid_frac10_cosine/budget,2000,8,0.8255625000000002,0.15545000000000003,-0.6252999999999993,3.2255000000000003,6,0.008012499999999975,0.007509999999999999,-0.0036,0.01946,6,0.00314924999999995,0.00296199999999995,0.000387,0.008865,0,-2.68167195795694,-2.919189634125896,-3.768776543701861,-1.359628298188781,0,0.08101877570152284,0.0923842191696167,-0.4264006614685058,0.557469367980957,4,0.025113880634307986,0.1066539287567139,-0.9535906314849854,0.5734035968780518,4,0.0,0.0,0,0,0
pyramid_frac10_cosine/budget,5000,8,0.06265000000000054,0.1076500000000013,-0.244299999999999,0.6032000000000011,5,0.0038962499999999874,0.00398999999999995,0.00055,0.00745,8,0.003641999999999938,0.0036544999999999,0.0027989999999999,0.004318,0,-3.449783531962594,-3.144882438817449,-5.489749229614386,-2.051046233403042,0,0.21033579111099243,0.303989291191101,-0.877730131149292,0.8390989303588867,6,0.1216563880443573,0.2231109142303466,-0.93375825881958,0.7444436550140381,5,0.0,0.0,0,0,0
pyramid_fullfield_iters/budget,2000,8,-0.13557499999999933,-0.14064999999999728,-0.6117000000000026,0.3721999999999994,4,0.00043124999999998785,0.00326499999999995,-0.01756,0.00948,5,0.0018143749999999373,0.0015684999999999501,0.0005549999999999,0.0040369999999999,0,-1.5247850119968742,-1.696606549215394,-2.271031804345295,-0.6289698728318633,0,4.953402400016785,5.09958827495575,4.058829069137573,5.46469044685364,8,4.904531121253967,5.08684253692627,3.5672709941864014,5.540417671203613,8,1500.0,1500.0,1500,1500,8
pyramid_fullfield_iters/budget,5000,8,0.2943625000000001,0.01745000000000015,-0.0855000000000032,1.3793999999999969,4,0.006642499999999963,0.007095,0.0015699999999999,0.01229,8,0.00034699999999998756,0.00045899999999995,-0.001905,0.002569,3,-1.6184775624208965,-1.0854640831791773,-3.2371155388185464,-0.88370330336625,0,5.509047716856003,5.542867064476012,4.88421630859375,6.115257501602173,8,5.45004478096962,5.542880415916443,4.805514574050903,5.893885850906372,8,1500.0,1500.0,1500,1500,8
pyramid_split_1500/budget,2000,8,1.1811500000000006,0.3900500000000004,0.1817000000000028,4.370900000000002,8,0.017027499999999973,0.01623999999999995,0.00883,0.03269,8,-0.0010949999999999877,-0.0005784999999999001,-0.0053249999999999,0.0011429999999999,6,-1.0815801509147165,-1.0431281278099984,-1.6733684138984444,-0.6971439612237802,0,0.13381314277648926,0.08747673034667966,-0.1465513706207275,0.5542829036712646,5,0.06687986850738534,0.10548698902130119,-0.7009561061859131,0.5449087619781494,6,0.0,0.0,0,0,0
pyramid_split_1500/budget,5000,8,0.8189375000000001,0.8421000000000003,0.1245000000000011,1.3736999999999997,8,0.010952499999999938,0.0112749999999999,0.00381,0.0173,8,-2.8374999999987422e-05,-0.0002584999999999996,-0.001028,0.001541,5,-1.6263999456242768,-1.2688832114425157,-2.9530910010970857,-0.9607624578189656,0,0.3659200668334961,0.4559839963912964,-0.2500202655792236,0.9711308479309082,7,0.3130657970905304,0.36032640933990523,-0.2637715339660644,0.8860883712768555,6,0.0,0.0,0,0,0
refine_twin/budget,2000,8,-0.7767874999999997,-0.7051999999999996,-2.000399999999999,0.3172999999999994,2,-0.03435124999999997,-0.029769999999999998,-0.07181,-0.01812,0,0.005887374999999962,0.0051874999999999005,-0.001727,0.015876,2,-1.945802853376248,-2.081102088739902,-3.0307835762782247,-0.9999371300227152,0,-0.041924148797988905,-0.0997503995895386,-0.3842346668243408,0.4421160221099853,4,-0.40002620220184315,-0.41171836853027344,-0.9760520458221436,0.0920362472534179,2,0.0,0.0,0,0,0
refine_twin/budget,5000,8,-0.1305874999999994,0.031600000000001,-1.0046999999999997,0.6625999999999976,4,-0.013496249999999987,-0.010139999999999951,-0.03433,0.00187,2,0.00018912499999999995,-0.00090399999999995,-0.001549,0.0030139999999999,5,-2.0394696767843916,-1.5470858873567082,-3.735931126732602,-1.1946174718285505,0,0.029238939285278417,0.0348711013793949,-0.6666686534881592,0.6076011657714844,5,-0.7242480516433715,-0.5627783536911011,-1.4388644695281982,-0.1966006755828848,0,0.0,0.0,0,0,0
pyramid_frac10_cosine/strategy,aniso_onedge,8,0.5731249999999997,0.17279999999999868,-0.1179000000000023,2.922699999999999,6,0.006308749999999976,0.00398999999999995,-0.00112,0.01831,7,0.0029262499999999376,0.00346499999999995,0.000591,0.004318,0,-2.9900488859816656,-2.8885468453705663,-5.32798539327732,-1.359628298188781,0,0.1408410370349884,0.21078252792358393,-0.4264006614685058,0.6752023696899414,5,0.06225582957267761,0.2154767513275146,-0.9535906314849854,0.6642119884490967,5,0.0,0.0,0,0,0
pyramid_frac10_cosine/strategy,quadtree_wse,8,0.3150875000000011,0.077300000000001,-0.6252999999999993,3.2255000000000003,5,0.005599999999999987,0.00421999999999995,-0.0036,0.01946,7,0.00386499999999995,0.00367149999999995,0.000387,0.008865,0,-3.1414066039378685,-2.997765259873159,-5.489749229614386,-1.3776733514227146,0,0.15051352977752686,0.303989291191101,-0.877730131149292,0.8390989303588867,5,0.08451443910598766,0.100699782371521,-0.93375825881958,0.7444436550140381,4,0.0,0.0,0,0,0
pyramid_fullfield_iters/strategy,aniso_onedge,8,0.02201249999999933,-0.05590000000000115,-0.6117000000000026,1.3793999999999969,2,0.0015287499999999626,0.0028499999999999004,-0.01756,0.01229,6,0.0012944999999999498,0.0014864999999999,-0.001905,0.0040369999999999,1,-1.508588309022453,-1.0564791970354879,-3.2137956590738384,-0.8092229991962441,0,5.194860935211182,5.22766137123108,4.058829069137573,6.115257501602173,8,5.086854308843613,5.211054801940919,3.5672709941864014,5.893885850906372,8,1500.0,1500.0,1500,1500,8
pyramid_fullfield_iters/strategy,quadtree_wse,8,0.13677500000000137,0.0623000000000022,-0.4307999999999978,1.0655,6,0.0055449999999999874,0.00704999999999995,-0.0040799999999999,0.01019,7,0.0008668749999999751,0.0005719999999999499,-0.00109,0.00358,2,-1.6346742653953177,-1.4615371063776301,-3.2371155388185464,-0.6289698728318633,0,5.267589181661606,5.475128531455995,4.454249858856201,5.60287022590637,8,5.267721593379974,5.493035197257996,4.45616340637207,5.663256883621218,8,1500.0,1500.0,1500,1500,8
pyramid_split_1500/strategy,aniso_onedge,8,0.9693499999999999,0.9755500000000001,0.2788000000000004,2.0162000000000013,8,0.013733749999999939,0.01346999999999995,0.0041899999999999,0.02046,8,-0.0005321249999999877,-0.0005864999999999,-0.0022,0.001541,6,-1.2892951222560343,-1.118378730198792,-2.73912641602886,-0.7472261087826055,0,0.20365840196609497,0.14445114135742185,-0.1465513706207275,0.5371484756469727,7,0.11531773209571826,0.13804757595062206,-0.7009561061859131,0.4908421039581299,6,0.0,0.0,0,0,0
pyramid_split_1500/strategy,quadtree_wse,8,1.0307375000000008,0.514800000000001,0.1245000000000011,4.370900000000002,8,0.014246249999999974,0.0120949999999999,0.00381,0.03269,8,-0.0005912499999999874,-0.0002584999999999996,-0.0053249999999999,0.0011429999999999,5,-1.418684974282959,-1.1779621778288387,-2.9530910010970857,-0.6971439612237802,0,0.2960748076438904,0.31065165996551514,-0.2500202655792236,0.9711308479309082,5,0.2646279335021975,0.23332500457763714,-0.2637715339660644,0.8860883712768555,6,0.0,0.0,0,0,0
refine_twin/strategy,aniso_onedge,8,-0.3526625000000001,-0.06900000000000084,-2.000399999999999,0.6625999999999976,4,-0.021824999999999976,-0.021900000000000003,-0.04962,0.00187,1,0.00302225,0.00080300000000005,-0.001549,0.015876,4,-1.928831469463936,-1.536137226504275,-3.499952717094601,-1.0346752246910107,0,0.0034744441509247694,0.02072489261627235,-0.3669717311859131,0.4852151870727539,5,-0.48179093003273,-0.49360549449920654,-1.0303282737731934,0.054736852645874,1,0.0,0.0,0,0,0
refine_twin/strategy,quadtree_wse,8,-0.554712499999999,-0.3979999999999997,-1.9896999999999991,0.3172999999999994,2,-0.02602249999999999,-0.02312499999999995,-0.07181,0.00021,1,0.0030542499999999624,0.0023764999999999,-0.001727,0.0130639999999999,3,-2.0564410606967036,-2.081102088739902,-3.735931126732602,-0.9999371300227152,0,-0.016159653663635264,-0.10910177230834965,-0.6666686534881592,0.6076011657714844,4,-0.6424833238124846,-0.5726844072341919,-1.4388644695281982,0.0920362472534179,1,0.0,0.0,0,0,0
