image,budget,seed,strategy,psnr_arm,ms_ssim_arm,edge_mae_arm,auc_psnr_arm,fit_seconds_arm,total_seconds_arm,iterations_run_arm,init_seconds_arm,psnr_single,ms_ssim_single,edge_mae_single,auc_psnr_single,fit_seconds_single,total_seconds_single,iterations_run_single,init_seconds_single,d_psnr,d_ms_ssim,d_edge_mae,d_auc_psnr,d_fit_seconds,d_total_seconds,d_iterations_run,d_init_seconds,arm
kodim01,2000,0,aniso_onedge,23.7477,0.87546,0.063726,21.50808143552102,4.8677637577056885,5.214617729187012,1500,0.3468539714813232,23.7503,0.87658,0.06031,23.605956143741214,5.294164419174194,6.168208360671997,1500,0.3555405139923095,-0.002600000000001046,-0.0011200000000000099,0.0034160000000000024,-2.0978747082201927,-0.42640066146850586,-0.9535906314849854,0,-0.008686542510986328,pyramid_frac10_cosine
kodim01,2000,0,quadtree_wse,23.6205,0.87229,0.064926,21.140898615459825,4.901222467422485,5.603570938110352,1500,0.7023484706878662,23.5556,0.87046,0.060476,23.61961273195904,5.038330793380737,5.772238969802856,1500,0.7285842895507812,0.06490000000000151,0.0018299999999999983,0.004449999999999996,-2.4787141164992157,-0.13710832595825195,-0.168668031692504,0,-0.02623581886291504,pyramid_frac10_cosine
kodim01,5000,0,aniso_onedge,25.6919,0.93469,0.049586,23.011588083258307,4.869091987609863,5.717031240463257,1500,0.8479392528533936,25.5663,0.92724,0.046787,25.429016622246863,4.64297342300415,5.516396999359131,1500,0.8697187900543213,0.12560000000000215,0.007450000000000068,0.002798999999999996,-2.417428538988556,0.2261185646057129,0.20063424110412598,0,-0.021779537200927734,pyramid_frac10_cosine
kodim01,5000,0,quadtree_wse,25.5751,0.93275,0.050366,23.01804171123848,4.992748975753784,6.349848985671997,1500,1.357100009918213,25.4443,0.92602,0.047108,25.4952709154736,4.752824306488037,6.3940370082855225,1500,1.6373190879821775,0.1308000000000007,0.006730000000000014,0.003258000000000004,-2.477229204235119,0.23992466926574707,-0.04418802261352539,0,-0.2802190780639646,pyramid_frac10_cosine
kodim07,2000,0,aniso_onedge,28.6223,0.95781,0.040097,24.19530745869561,5.069267272949219,5.410562515258789,1500,0.3412952423095703,25.6996,0.9395,0.039506,27.554972610448186,4.873820781707764,5.180243253707886,1500,0.3026084899902344,2.922699999999999,0.01831000000000005,0.0005910000000000012,-3.3596651517525764,0.19544649124145508,0.23031926155090332,0,0.03868675231933594,pyramid_frac10_cosine
kodim07,2000,0,quadtree_wse,28.7152,0.95767,0.039842,24.222662064932123,5.241100549697876,5.965317010879517,1500,0.7242164611816406,25.4897,0.93821,0.039455,27.739478468179225,4.683631181716919,5.391913414001465,1500,0.7042114734649658,3.2255000000000003,0.019460000000000033,0.0003870000000000054,-3.516816403247102,0.557469367980957,0.5734035968780518,0,0.020004987716674805,pyramid_frac10_cosine
kodim07,5000,0,aniso_onedge,33.2507,0.98684,0.023013,27.675291460303168,5.461501359939575,6.447861671447754,1500,0.9863603115081788,32.6475,0.98555,0.019218,33.00327685358049,4.837054252624512,5.783649682998657,1500,0.9428839683532716,0.6032000000000011,0.0012900000000000134,0.0037949999999999998,-5.32798539327732,0.6244471073150635,0.6642119884490967,0,0.04347634315490723,pyramid_frac10_cosine
kodim07,5000,0,quadtree_wse,33.3921,0.98707,0.022796,27.70568918720573,5.30178427696228,6.72606086730957,1500,1.42427659034729,33.3024,0.98652,0.019556,33.19543841682012,4.933730363845825,6.480473279953003,1500,1.5417728424072266,0.08970000000000056,0.0005500000000000504,0.00324,-5.489749229614386,0.3680539131164551,0.24558758735656738,0,-0.11749625205993652,pyramid_frac10_cosine
kodim13,2000,0,aniso_onedge,20.5061,0.81286,0.096575,19.10952224502411,5.513711452484131,5.826722145080566,1500,0.3130106925964355,20.2951,0.79866,0.095207,20.46915054321289,5.258689880371094,5.549558877944946,1500,0.2858781814575195,0.21099999999999852,0.01419999999999999,0.0013679999999999942,-1.359628298188781,0.2550215721130371,0.2771632671356201,0,0.027132511138916016,pyramid_frac10_cosine
kodim13,2000,0,quadtree_wse,20.4093,0.81119,0.097885,19.057007024890986,5.5037877559661865,6.090566635131836,1500,0.5867788791656494,20.3094,0.79853,0.095377,20.4346803763137,4.99826979637146,5.582338333129883,1500,0.5792059898376465,0.09990000000000165,0.012660000000000005,0.0025079999999999963,-1.3776733514227146,0.5055179595947266,0.5082283020019531,0,0.00757288932800293,pyramid_frac10_cosine
kodim13,5000,0,aniso_onedge,22.2919,0.88938,0.076161,20.255214299258583,5.729730844497681,6.561173439025879,1500,0.8314425945281982,22.4098,0.88515,0.071843,22.306260532661625,5.054528474807739,5.920515537261963,1500,0.8608808517456055,-0.11790000000000234,0.004229999999999956,0.004318000000000002,-2.051046233403042,0.6752023696899414,0.640657901763916,0,-0.029438257217407227,pyramid_frac10_cosine
kodim13,5000,0,quadtree_wse,22.2899,0.88831,0.076039,20.27003487783563,5.633034944534302,6.893338441848755,1500,1.2603034973144531,22.5342,0.8817,0.071954,22.362625232134125,4.793936014175415,6.148894786834717,1500,1.3512227535247805,-0.24429999999999907,0.006610000000000005,0.004084999999999991,-2.092590354298494,0.8390989303588867,0.7444436550140381,0,-0.09091925621032737,pyramid_frac10_cosine
kodim19,2000,0,aniso_onedge,27.1055,0.91593,0.046553,23.51193965825341,5.326894044876099,5.66156530380249,1500,0.3346712589263916,26.3971,0.91357,0.042944,27.00616674887649,5.33757209777832,5.678576707839966,1500,0.3358008861541748,0.708400000000001,0.0023600000000000287,0.003608999999999994,-3.4942270906230775,-0.01067805290222168,-0.017011404037475586,0,-0.0011296272277832031,pyramid_frac10_cosine
kodim19,2000,0,quadtree_wse,26.7253,0.91184,0.049417,23.466238221619587,5.147377252578735,5.797910928726196,1500,0.6505336761474609,27.3506,0.91544,0.040552,27.23501476532145,5.438495397567749,6.046844244003296,1500,0.6030752658843994,-0.6252999999999993,-0.0036000000000000476,0.008865000000000005,-3.768776543701861,-0.29111814498901367,-0.2489333152770996,0,0.04745841026306152,pyramid_frac10_cosine
kodim19,5000,0,aniso_onedge,30.1796,0.95613,0.030813,26.02533017197317,5.7148637771606445,6.620386362075806,1500,0.9055225849151612,30.045,0.95238,0.027299,29.83786584537295,6.12729287147522,7.164724349975586,1500,1.0310263633728027,0.13459999999999894,0.003750000000000031,0.0035139999999999998,-3.812535673399779,-0.4124290943145752,-0.5443379878997803,0,-0.1255037784576415,pyramid_frac10_cosine
kodim19,5000,0,quadtree_wse,30.074,0.95411,0.030903,26.109519695742595,5.303055047988892,6.544891834259033,1500,1.2418367862701416,30.2945,0.95355,0.026776,30.03922332422665,6.180785179138184,7.478650093078613,1500,1.2917628288269043,-0.2204999999999977,0.0005600000000000049,0.004126999999999999,-3.929703628484056,-0.877730131149292,-0.9337582588195801,0,-0.049926042556762695,pyramid_frac10_cosine
kodim01,2000,0,aniso_onedge,23.2652,0.87156,0.061855,22.569253759330092,9.352993488311768,9.735479354858398,3000,0.3824858665466308,23.7503,0.87658,0.06031,23.605956143741214,5.294164419174194,6.168208360671997,1500,0.3555405139923095,-0.4850999999999992,-0.0050200000000000244,0.0015449999999999978,-1.0367023844111216,4.058829069137573,3.5672709941864014,1500,0.02694535255432129,pyramid_fullfield_iters
kodim01,2000,0,quadtree_wse,23.1248,0.86638,0.062538,22.115888813091303,9.621405839920044,10.368601560592651,3000,0.7471957206726074,23.5556,0.87046,0.060476,23.61961273195904,5.038330793380737,5.772238969802856,1500,0.7285842895507812,-0.43079999999999785,-0.0040799999999999725,0.0020619999999999944,-1.5037239188677383,4.583075046539307,4.596362590789796,1500,0.018611431121826172,pyramid_fullfield_iters
kodim01,5000,0,aniso_onedge,25.54,0.93374,0.047322,24.35276061258701,9.73151993751526,10.595540285110474,3000,0.8640203475952148,25.5663,0.92724,0.046787,25.429016622246863,4.64297342300415,5.516396999359131,1500,0.8697187900543213,-0.026299999999999102,0.006500000000000061,0.0005350000000000008,-1.0762560096598541,5.08854651451111,5.079143285751343,1500,-0.005698442459106445,pyramid_fullfield_iters
kodim01,5000,0,quadtree_wse,25.491,0.93371,0.046989,24.4005987587751,10.279287815093994,11.719371557235718,3000,1.4400837421417236,25.4443,0.92602,0.047108,25.4952709154736,4.752824306488037,6.3940370082855225,1500,1.6373190879821775,0.046700000000001296,0.007690000000000086,-0.00011899999999999411,-1.0946721566985005,5.526463508605957,5.325334548950195,1500,-0.19723534584045388,pyramid_fullfield_iters
kodim07,2000,0,aniso_onedge,26.0718,0.94898,0.041098,25.46306370082956,10.27649188041687,10.608115673065186,3000,0.3316237926483154,25.6996,0.9395,0.039506,27.554972610448186,4.873820781707764,5.180243253707886,1500,0.3026084899902344,0.3721999999999994,0.009480000000000044,0.0015920000000000031,-2.091908909618624,5.4026710987091064,5.4278724193573,1500,0.029015302658081,pyramid_fullfield_iters
kodim07,2000,0,quadtree_wse,25.5635,0.94485,0.043035,25.46844666383393,9.13788104057312,9.848076820373535,3000,0.710195779800415,25.4897,0.93821,0.039455,27.739478468179225,4.683631181716919,5.391913414001465,1500,0.7042114734649658,0.07380000000000209,0.006639999999999979,0.00358,-2.271031804345295,4.454249858856201,4.45616340637207,1500,0.005984306335449219,pyramid_fullfield_iters
kodim07,5000,0,aniso_onedge,32.562,0.98712,0.021787,29.78948119450665,10.647244691848757,11.5311119556427,3000,0.8838672637939453,32.6475,0.98555,0.019218,33.00327685358049,4.837054252624512,5.783649682998657,1500,0.9428839683532716,-0.08550000000000324,0.0015699999999999603,0.002569000000000002,-3.2137956590738384,5.810190439224245,5.747462272644043,1500,-0.05901670455932628,pyramid_fullfield_iters
kodim07,5000,0,quadtree_wse,33.2385,0.98898,0.020531,29.95832287800157,10.536600589752195,12.14373016357422,3000,1.6071295738220217,33.3024,0.98652,0.019556,33.19543841682012,4.933730363845825,6.480473279953003,1500,1.5417728424072266,-0.06389999999999674,0.0024600000000000177,0.0009750000000000002,-3.2371155388185464,5.60287022590637,5.663256883621218,1500,0.06535673141479514,pyramid_fullfield_iters
kodim13,2000,0,aniso_onedge,19.6834,0.7811,0.099244,19.659927544016647,10.091090202331545,10.380277633666992,3000,0.2891874313354492,20.2951,0.79866,0.095207,20.46915054321289,5.258689880371094,5.549558877944946,1500,0.2858781814575195,-0.6117000000000026,-0.01756000000000002,0.004036999999999999,-0.8092229991962441,4.832400321960451,4.830718755722046,1500,0.003309249877929743,pyramid_fullfield_iters
kodim13,2000,0,quadtree_wse,20.4429,0.80422,0.095942,19.805710503481837,10.462796926498411,11.056815147399902,3000,0.5940182209014893,20.3094,0.79853,0.095377,20.4346803763137,4.99826979637146,5.582338333129883,1500,0.5792059898376465,0.1335000000000015,0.005690000000000084,0.0005649999999999961,-0.6289698728318633,5.464527130126951,5.4744768142700195,1500,0.014812231063842773,pyramid_fullfield_iters
kodim13,5000,0,aniso_onedge,22.398,0.88928,0.073271,21.31637435294899,9.93874478340149,10.726030111312866,3000,0.787285327911377,22.4098,0.88515,0.071843,22.306260532661625,5.054528474807739,5.920515537261963,1500,0.8608808517456055,-0.01180000000000092,0.004129999999999967,0.0014279999999999987,-0.9898861797126344,4.88421630859375,4.805514574050903,1500,-0.07359552383422852,pyramid_fullfield_iters
kodim13,5000,0,quadtree_wse,22.585,0.89001,0.072337,21.3295838739841,10.279502630233765,11.660488367080688,3000,1.3809857368469238,22.5342,0.8817,0.071954,22.362625232134125,4.793936014175415,6.148894786834717,1500,1.3512227535247805,0.0508000000000024,0.008309999999999929,0.00038299999999999446,-1.033041358150026,5.48556661605835,5.511593580245972,1500,0.029762983322143333,pyramid_fullfield_iters
kodim19,2000,0,aniso_onedge,26.042,0.91441,0.043499,25.03893572173543,10.70434832572937,11.02154302597046,3000,0.3171947002410888,26.3971,0.91357,0.042944,27.00616674887649,5.33757209777832,5.678576707839966,1500,0.3358008861541748,-0.35509999999999664,0.0008399999999999519,0.0005549999999999999,-1.9672310271410574,5.36677622795105,5.342966318130495,1500,-0.018606185913085993,pyramid_fullfield_iters
kodim19,2000,0,quadtree_wse,27.5692,0.9229,0.041131,25.3455255857584,10.903185844421388,11.58726191520691,3000,0.6840760707855225,27.3506,0.91544,0.040552,27.23501476532145,5.438495397567749,6.046844244003296,1500,0.6030752658843994,0.21859999999999857,0.007460000000000022,0.0005790000000000031,-1.88948917956305,5.4646904468536395,5.540417671203613,1500,0.08100080490112305,pyramid_fullfield_iters
kodim19,5000,0,aniso_onedge,31.4244,0.96467,0.025394,28.9541625420067,12.242550373077393,13.058610200881958,3000,0.8160598278045654,30.045,0.95238,0.027299,29.83786584537295,6.12729287147522,7.164724349975586,1500,1.0310263633728027,1.3793999999999969,0.012290000000000023,-0.0019050000000000004,-0.88370330336625,6.115257501602173,5.893885850906372,1500,-0.2149665355682373,pyramid_fullfield_iters
kodim19,5000,0,quadtree_wse,31.36,0.96374,0.025686,28.61987303033913,11.740055799484251,13.052817344665527,3000,1.3127615451812744,30.2945,0.95355,0.026776,30.03922332422665,6.180785179138184,7.478650093078613,1500,1.2917628288269043,1.0655000000000001,0.010190000000000032,-0.0010900000000000007,-1.419350293887522,5.559270620346068,5.574167251586914,1500,0.020998716354370117,pyramid_fullfield_iters
kodim01,2000,0,aniso_onedge,24.1362,0.89063,0.060218,22.687066508261974,5.147613048553467,5.467252254486084,1500,0.3196392059326172,23.7503,0.87658,0.06031,23.605956143741214,5.294164419174194,6.168208360671997,1500,0.3555405139923095,0.38589999999999947,0.014050000000000007,-9.20000000000018e-05,-0.9188896354792391,-0.14655137062072754,-0.7009561061859131,0,-0.03590130805969233,pyramid_split_1500
kodim01,2000,0,quadtree_wse,23.7373,0.88002,0.061619,22.445425908990188,4.969363689422607,5.66556715965271,1500,0.6962034702301025,23.5556,0.87046,0.060476,23.61961273195904,5.038330793380737,5.772238969802856,1500,0.7285842895507812,0.18170000000000286,0.009560000000000013,0.0011429999999999982,-1.1741868229688528,-0.06896710395812988,-0.1066718101501456,0,-0.03238081932067871,pyramid_split_1500
kodim01,5000,0,aniso_onedge,26.293,0.94454,0.04583,24.468254164427897,5.119870185852051,5.970786094665527,1500,0.8509159088134766,25.5663,0.92724,0.046787,25.429016622246863,4.64297342300415,5.516396999359131,1500,0.8697187900543213,0.726700000000001,0.017300000000000093,-0.0009569999999999995,-0.9607624578189657,0.4768967628479004,0.4543890953063965,0,-0.018802881240844727,pyramid_split_1500
kodim01,5000,0,quadtree_wse,26.0797,0.9416,0.046198,24.409721141023745,5.1878955364227295,6.660300731658936,1500,1.472405195236206,25.4443,0.92602,0.047108,25.4952709154736,4.752824306488037,6.3940370082855225,1500,1.6373190879821775,0.6354000000000006,0.015580000000000038,-0.0009099999999999941,-1.0855497744498557,0.4350712299346924,0.266263723373414,0,-0.16491389274597146,pyramid_split_1500
kodim07,2000,0,aniso_onedge,27.7158,0.95996,0.037306,26.40125443316683,5.254045009613037,5.549288749694824,1500,0.2952437400817871,25.6996,0.9395,0.039506,27.554972610448186,4.873820781707764,5.180243253707886,1500,0.3026084899902344,2.0162000000000013,0.020460000000000034,-0.0022000000000000006,-1.1537181772813554,0.38022422790527344,0.3690454959869385,0,-0.007364749908447266,pyramid_split_1500
kodim07,2000,0,quadtree_wse,29.8606,0.9709,0.03413,26.806940389840584,4.869863271713257,5.592299699783325,1500,0.7224364280700684,25.4897,0.93821,0.039455,27.739478468179225,4.683631181716919,5.391913414001465,1500,0.7042114734649658,4.3709000000000024,0.03269,-0.005324999999999996,-0.9325380783386414,0.1862320899963379,0.20038628578186035,0,0.01822495460510254,pyramid_split_1500
kodim07,5000,0,aniso_onedge,34.0212,0.98974,0.020759,30.264150437551628,5.374202728271484,6.274491786956787,1500,0.9002890586853027,32.6475,0.98555,0.019218,33.00327685358049,4.837054252624512,5.783649682998657,1500,0.9428839683532716,1.3736999999999995,0.004189999999999916,0.0015410000000000007,-2.73912641602886,0.5371484756469727,0.4908421039581299,0,-0.04259490966796886,pyramid_split_1500
kodim07,5000,0,quadtree_wse,34.5329,0.99033,0.019536,30.24234741572303,5.4842681884765625,7.052940607070923,1500,1.5686724185943604,33.3024,0.98652,0.019556,33.19543841682012,4.933730363845825,6.480473279953003,1500,1.5417728424072266,1.2304999999999993,0.003810000000000091,-1.9999999999999185e-05,-2.9530910010970857,0.5505378246307373,0.5724673271179199,0,0.02689957618713379,pyramid_split_1500
kodim13,2000,0,aniso_onedge,20.5919,0.81709,0.094991,19.721924434430285,5.346482038497925,5.639872074127197,1500,0.2933900356292724,20.2951,0.79866,0.095207,20.46915054321289,5.258689880371094,5.549558877944946,1500,0.2858781814575195,0.2967999999999975,0.018429999999999946,-0.00021599999999999397,-0.7472261087826055,0.08779215812683105,0.09031319618225098,0,0.00751185417175293,pyramid_split_1500
kodim13,2000,0,quadtree_wse,20.6606,0.81784,0.094436,19.73753641508992,5.552552700042725,6.127247095108032,1500,0.5746943950653076,20.3094,0.79853,0.095377,20.4346803763137,4.99826979637146,5.582338333129883,1500,0.5792059898376465,0.3511999999999986,0.01931000000000005,-0.0009409999999999974,-0.6971439612237802,0.5542829036712646,0.5449087619781494,0,-0.004511594772338867,pyramid_split_1500
kodim13,5000,0,aniso_onedge,22.6886,0.89606,0.072652,21.223221249545396,5.255638599395752,6.075949907302856,1500,0.8203113079071045,22.4098,0.88515,0.071843,22.306260532661625,5.054528474807739,5.920515537261963,1500,0.8608808517456055,0.2788000000000004,0.010909999999999975,0.0008089999999999903,-1.0830392831162285,0.2011101245880127,0.15543437004089267,0,-0.04056954383850098,pyramid_split_1500
kodim13,5000,0,quadtree_wse,22.6587,0.89507,0.072789,21.1808876994453,5.765066862106323,7.034983158111572,1500,1.269916296005249,22.5342,0.8817,0.071954,22.362625232134125,4.793936014175415,6.148894786834717,1500,1.3512227535247805,0.12450000000000117,0.013369999999999993,0.0008350000000000024,-1.1817375326888246,0.9711308479309082,0.8860883712768555,0,-0.08130645751953147,pyramid_split_1500
kodim19,2000,0,aniso_onedge,27.8494,0.92646,0.04083,25.650596739531675,5.424733400344849,5.799237489700317,1500,0.3745040893554687,26.3971,0.91357,0.042944,27.00616674887649,5.33757209777832,5.678576707839966,1500,0.3358008861541748,1.452300000000001,0.012889999999999957,-0.0021140000000000048,-1.355570009344813,0.08716130256652832,0.12066078186035156,0,0.03870320320129389,pyramid_split_1500
kodim19,2000,0,quadtree_wse,27.7448,0.92427,0.041537,25.561646351423004,5.428826332092285,6.064196586608887,1500,0.6353702545166016,27.3506,0.91544,0.040552,27.23501476532145,5.438495397567749,6.046844244003296,1500,0.6030752658843994,0.39420000000000144,0.008830000000000005,0.0009849999999999998,-1.6733684138984444,-0.009669065475463867,0.01735234260559082,0,0.03229498863220215,pyramid_split_1500
kodim19,5000,0,aniso_onedge,31.2694,0.96402,0.026271,28.481836955176743,6.1327784061431885,7.107537269592285,1500,0.9747588634490968,30.045,0.95238,0.027299,29.83786584537295,6.12729287147522,7.164724349975586,1500,1.0310263633728027,1.2243999999999993,0.011639999999999984,-0.0010280000000000011,-1.3560288901962068,0.00548553466796875,-0.05718708038330078,0,-0.056267499923705944,pyramid_split_1500
kodim19,5000,0,quadtree_wse,31.252,0.96437,0.026279,28.387359114628463,5.93076491355896,7.214878559112549,1500,1.2841136455535889,30.2945,0.95355,0.026776,30.03922332422665,6.180785179138184,7.478650093078613,1500,1.2917628288269043,0.9574999999999996,0.01081999999999994,-0.0004970000000000009,-1.6518642095981875,-0.25002026557922363,-0.26377153396606445,0,-0.00764918327331543,pyramid_split_1500
kodim01,2000,0,aniso_onedge,23.3924,0.8509,0.064038,22.212720215042246,5.057934761047363,5.1921563148498535,1500,0.1299924850463867,23.7503,0.87658,0.06031,23.605956143741214,5.294164419174194,6.168208360671997,1500,0.3555405139923095,-0.3579000000000008,-0.025680000000000036,0.003727999999999995,-1.3932359286989673,-0.23622965812683105,-0.9760520458221436,0,-0.22554802894592282,refine_twin
kodim01,2000,0,quadtree_wse,21.5659,0.79865,0.07354,21.562798393814465,4.6540961265563965,4.9634294509887695,1500,0.3056807518005371,23.5556,0.87046,0.060476,23.61961273195904,5.038330793380737,5.772238969802856,1500,0.7285842895507812,-1.9896999999999991,-0.07181000000000004,0.013063999999999992,-2.0568143381445765,-0.3842346668243408,-0.808809518814086,0,-0.42290353775024414,refine_twin
kodim07,2000,0,aniso_onedge,23.6992,0.88988,0.055382,24.52418903416996,5.130277633666992,5.23498010635376,1500,0.1009035110473632,25.6996,0.9395,0.039506,27.554972610448186,4.873820781707764,5.180243253707886,1500,0.3026084899902344,-2.000399999999999,-0.04962,0.015876,-3.0307835762782247,0.2564568519592285,0.05473685264587402,0,-0.20170497894287118,refine_twin
kodim07,2000,0,quadtree_wse,24.4372,0.90655,0.046287,25.12732746475454,4.690968036651611,4.9990763664245605,1500,0.30446457862854,25.4897,0.93821,0.039455,27.739478468179225,4.683631181716919,5.391913414001465,1500,0.7042114734649658,-1.0524999999999984,-0.03166000000000002,0.006832000000000005,-2.6121510034246853,0.007336854934692383,-0.3928370475769043,0,-0.39974689483642584,refine_twin
kodim13,2000,0,aniso_onedge,20.5989,0.78054,0.094158,19.43447531852188,5.285110235214233,5.389592170715332,1500,0.0993618965148925,20.2951,0.79866,0.095207,20.46915054321289,5.258689880371094,5.549558877944946,1500,0.2858781814575195,0.30379999999999896,-0.018120000000000025,-0.0010489999999999944,-1.0346752246910107,0.02642035484313965,-0.15996670722961426,0,-0.18651628494262698,refine_twin
kodim13,2000,0,quadtree_wse,20.6267,0.78016,0.09365,19.434743246290985,5.440385818481445,5.674374580383301,1500,0.2300233840942382,20.3094,0.79853,0.095377,20.4346803763137,4.99826979637146,5.582338333129883,1500,0.5792059898376465,0.31729999999999947,-0.018369999999999997,-0.0017270000000000063,-0.9999371300227153,0.44211602210998535,0.09203624725341797,0,-0.3491826057434083,refine_twin
kodim19,2000,0,aniso_onedge,25.2093,0.8819,0.049545,24.672730962461912,5.130734443664551,5.247977018356323,1500,0.1133773326873779,26.3971,0.91357,0.042944,27.00616674887649,5.33757209777832,5.678576707839966,1500,0.3358008861541748,-1.1877999999999993,-0.031669999999999976,0.006600999999999996,-2.333435786414576,-0.20683765411376953,-0.4305996894836426,0,-0.2224235534667969,refine_twin
kodim19,2000,0,quadtree_wse,27.1035,0.88756,0.044326,25.12962492598622,5.198074102401733,5.468126535415649,1500,0.2648699283599853,27.3506,0.91544,0.040552,27.23501476532145,5.438495397567749,6.046844244003296,1500,0.6030752658843994,-0.24709999999999965,-0.027880000000000016,0.0037739999999999996,-2.1053898393352277,-0.24042129516601562,-0.5787177085876465,0,-0.3382053375244141,refine_twin
kodim01,5000,0,aniso_onedge,25.8871,0.92911,0.045752,24.234399150418312,4.697686195373535,4.957491397857666,1500,0.2561056613922119,25.5663,0.92724,0.046787,25.429016622246863,4.64297342300415,5.516396999359131,1500,0.8697187900543213,0.320800000000002,0.0018700000000000383,-0.0010350000000000012,-1.1946174718285505,0.054712772369384766,-0.5589056015014648,0,-0.6136131286621094,refine_twin
kodim01,5000,0,quadtree_wse,25.6889,0.92623,0.045988,24.185734669314456,4.5272839069366455,5.177731037139893,1500,0.6467068195343018,25.4443,0.92602,0.047108,25.4952709154736,4.752824306488037,6.3940370082855225,1500,1.6373190879821775,0.24460000000000193,0.00021000000000004349,-0.001119999999999996,-1.3095362461591442,-0.2255403995513916,-1.2163059711456299,0,-0.9906122684478758,refine_twin
kodim07,5000,0,aniso_onedge,31.8652,0.97769,0.021597,29.503324136485887,5.322269439697266,5.587049007415772,1500,0.2597453594207763,32.6475,0.98555,0.019218,33.00327685358049,4.837054252624512,5.783649682998657,1500,0.9428839683532716,-0.7822999999999993,-0.00786000000000009,0.0023790000000000026,-3.499952717094601,0.4852151870727539,-0.19660067558288485,0,-0.6831386089324953,refine_twin
kodim07,5000,0,quadtree_wse,32.2977,0.97947,0.02257,29.459507290087515,5.264264106750488,5.913822174072266,1500,0.6455256938934326,33.3024,0.98652,0.019556,33.19543841682012,4.933730363845825,6.480473279953003,1500,1.5417728424072266,-1.0046999999999997,-0.007050000000000001,0.0030139999999999993,-3.735931126732602,0.3305337429046631,-0.5666511058807373,0,-0.896247148513794,refine_twin
kodim13,5000,0,aniso_onedge,22.6297,0.85405,0.070294,21.04134800626565,5.069557905197144,5.363904237747192,1500,0.2904567718505859,22.4098,0.88515,0.071843,22.306260532661625,5.054528474807739,5.920515537261963,1500,0.8608808517456055,0.2198999999999991,-0.031100000000000017,-0.0015490000000000087,-1.2649125263959746,0.015029430389405185,-0.5566112995147705,0,-0.5704240798950195,refine_twin
kodim13,5000,0,quadtree_wse,22.3775,0.84737,0.070812,20.94749198173029,5.401537179946899,5.919177770614624,1500,0.5133590698242188,22.5342,0.8817,0.071954,22.362625232134125,4.793936014175415,6.148894786834717,1500,1.3512227535247805,-0.15669999999999717,-0.03433000000000008,-0.0011420000000000041,-1.4151332504038336,0.6076011657714844,-0.22971701622009277,0,-0.8378636837005617,refine_twin
kodim19,5000,0,aniso_onedge,30.7076,0.93996,0.026526,28.158827321063367,5.760321140289307,6.134396076202393,1500,0.3686163425445556,30.045,0.95238,0.027299,29.83786584537295,6.12729287147522,7.164724349975586,1500,1.0310263633728027,0.6625999999999976,-0.012419999999999987,-0.0007729999999999994,-1.6790385243095827,-0.3669717311859131,-1.0303282737731934,0,-0.6624100208282471,refine_twin
kodim19,5000,0,quadtree_wse,29.7456,0.93626,0.028515,27.822587772875806,5.514116525650024,6.039785623550415,1500,0.520512580871582,30.2945,0.95355,0.026776,30.03922332422665,6.180785179138184,7.478650093078613,1500,1.2917628288269043,-0.5488999999999997,-0.017290000000000028,0.0017389999999999975,-2.2166355513508442,-0.6666686534881592,-1.4388644695281982,0,-0.7712502479553223,refine_twin
