ordinal,stage,event,global_iter,n_gaussians,loss,elapsed_seconds,foreground_psnr_raw_db,foreground_psnr_clamped_db,foreground_mae_clamped,boundary_psnr_raw_db,boundary_mae_clamped,matted_crop_psnr_raw_db,outside_mask_max_abs,outside_mask_mean_abs,outside_mask_exact_zero,render_out_of_range_fraction,finite,reconstruction,absolute_error_x4,native
0,initialization,5000_with_boundary,0,5000,,0.06481494195759296,20.138717922972134,20.138717922972134,0.037831444293260574,7.35491405469717,0.35375508666038513,25.22122067971146,0.0,0.0,True,0.0,True,images/intermediates/000_iter_000000_initialization_5000_with_boundary_reconstruction.jpg,images/intermediates/000_iter_000000_initialization_5000_with_boundary_absolute_error_x4.jpg,
1,color_solve,fixed_geometry_least_squares,0,5000,,51.46442875266075,20.449783488433727,20.449788871680706,0.03345233574509621,7.44471497733662,0.34424611926078796,25.532286400903065,0.0,0.0,True,2.2711326437274693e-06,True,images/intermediates/001_iter_000000_color_solve_fixed_geometry_least_squares_reconstruction.jpg,images/intermediates/001_iter_000000_color_solve_fixed_geometry_least_squares_absolute_error_x4.jpg,
2,bootstrap,global_fit,437,5000,,58.68074221909046,21.04376333497524,21.043780308637775,0.029914360493421555,7.550568313785645,0.33734825253486633,26.12626634597907,0.0,0.0,True,2.5623035071475897e-06,True,images/intermediates/002_iter_000437_bootstrap_global_fit_reconstruction.jpg,images/intermediates/002_iter_000437_bootstrap_global_fit_absolute_error_x4.jpg,
3,coverage_growth,coverage_birth,1453,5512,,75.4375766357407,21.814364146296207,21.814389022100016,0.027698757126927376,8.138124780568546,0.3013116717338562,26.896867534562464,0.0,0.0,True,4.309328687668312e-06,True,images/intermediates/003_iter_001453_coverage_growth_coverage_birth_reconstruction.jpg,images/intermediates/003_iter_001453_coverage_growth_coverage_birth_absolute_error_x4.jpg,
4,coverage_growth,coverage_birth,2001,6024,,87.33374776970595,22.43535404221796,22.435385222072235,0.02599048987030983,8.508379790202063,0.27914851903915405,27.517856971219217,0.0,0.0,True,4.309328687668312e-06,True,images/intermediates/004_iter_002001_coverage_growth_coverage_birth_reconstruction.jpg,images/intermediates/004_iter_002001_coverage_growth_coverage_birth_absolute_error_x4.jpg,
5,coverage_growth,coverage_birth,2549,6536,,100.25007933098823,23.073376076793558,23.07341342203856,0.024273892864584923,8.784790308807903,0.262435644865036,28.155879180897912,0.0,0.0,True,4.716967850981746e-06,True,images/intermediates/005_iter_002549_coverage_growth_coverage_birth_reconstruction.jpg,images/intermediates/005_iter_002549_coverage_growth_coverage_birth_absolute_error_x4.jpg,
6,coverage_growth,coverage_birth,3097,7048,,118.26738277915865,23.569865338267363,23.569910887225916,0.022876260802149773,9.020698809900948,0.24687334895133972,28.65236850401175,0.0,0.0,True,5.998119831929216e-06,True,images/intermediates/006_iter_003097_coverage_growth_coverage_birth_reconstruction.jpg,images/intermediates/006_iter_003097_coverage_growth_coverage_birth_absolute_error_x4.jpg,
7,coverage_growth,coverage_birth,3645,7560,,138.60226003360003,24.135097042131925,24.135147874275695,0.021494248881936073,9.268407358213228,0.23254963755607605,29.217599726742307,0.0,0.0,True,5.998119831929216e-06,True,images/intermediates/007_iter_003645_coverage_growth_coverage_birth_reconstruction.jpg,images/intermediates/007_iter_003645_coverage_growth_coverage_birth_absolute_error_x4.jpg,
8,coverage_growth,coverage_birth,4193,8000,,162.31446240097284,24.601315815042298,24.601372116048378,0.020432934165000916,9.42479771062777,0.2236117571592331,29.68381906544479,0.0,0.0,True,6.114587904448854e-06,True,images/intermediates/008_iter_004193_coverage_growth_coverage_birth_reconstruction.jpg,images/intermediates/008_iter_004193_coverage_growth_coverage_birth_absolute_error_x4.jpg,
9,detail_growth,coverage_birth,5221,8256,,176.57117823511362,24.802914003327757,24.802975424058467,0.01997099071741104,9.530623229331246,0.21808095276355743,29.885416575091952,0.0,0.0,True,6.929866231075721e-06,True,images/intermediates/009_iter_005221_detail_growth_coverage_birth_reconstruction.jpg,images/intermediates/009_iter_005221_detail_growth_coverage_birth_absolute_error_x4.jpg,
10,detail_growth,coverage_birth,6249,8512,,190.8382629211992,25.00818241559486,25.008246488717624,0.0196304302662611,9.713821935493371,0.20987039804458618,30.090685483134898,0.0,0.0,True,6.7551636675489135e-06,True,images/intermediates/010_iter_006249_detail_growth_coverage_birth_reconstruction.jpg,images/intermediates/010_iter_006249_detail_growth_coverage_birth_absolute_error_x4.jpg,
11,detail_growth,coverage_birth,7277,8768,,205.2641151305288,25.238325467931784,25.238394041454985,0.019278760999441147,9.906832976296105,0.20199239253997803,30.320828420238296,0.0,0.0,True,7.104568794602528e-06,True,images/intermediates/011_iter_007277_detail_growth_coverage_birth_reconstruction.jpg,images/intermediates/011_iter_007277_detail_growth_coverage_birth_absolute_error_x4.jpg,
12,detail_growth,coverage_birth,8065,9024,,216.56515940092504,25.411222787831676,25.41129906776007,0.01901470683515072,10.070170829816842,0.19497665762901306,30.493726072061243,0.0,0.0,True,7.453973921656143e-06,True,images/intermediates/012_iter_008065_detail_growth_coverage_birth_reconstruction.jpg,images/intermediates/012_iter_008065_detail_growth_coverage_birth_absolute_error_x4.jpg,
13,detail_growth,coverage_birth,8853,9280,,227.93675078544766,25.582834556230285,25.582913179354417,0.018736615777015686,10.181100069774601,0.1901949942111969,30.665338011063852,0.0,0.0,True,7.512207957915962e-06,True,images/intermediates/013_iter_008853_detail_growth_coverage_birth_reconstruction.jpg,images/intermediates/013_iter_008853_detail_growth_coverage_birth_absolute_error_x4.jpg,
14,detail_growth,coverage_birth,9641,9536,,239.6432850304991,25.74544238723357,25.7455240099849,0.01849883794784546,10.271686085801647,0.18655677139759064,30.82794516046697,0.0,0.0,True,7.62867648518295e-06,True,images/intermediates/014_iter_009641_detail_growth_coverage_birth_reconstruction.jpg,images/intermediates/014_iter_009641_detail_growth_coverage_birth_absolute_error_x4.jpg,
15,detail_growth,detail_birth,10321,9792,,249.1691597867757,25.91603539904046,25.916120686662452,0.018198229372501373,10.370874080046873,0.18281735479831696,30.998538588435775,0.0,0.0,True,7.62867648518295e-06,True,images/intermediates/015_iter_010321_detail_growth_detail_birth_reconstruction.jpg,images/intermediates/015_iter_010321_detail_growth_detail_birth_absolute_error_x4.jpg,
16,boundary_closure,detail_birth,10949,10048,,257.8259638277814,26.045111473083516,26.045204214789706,0.01798228733241558,10.45124196428606,0.17982879281044006,31.12761431915519,0.0,0.0,True,7.861613084969576e-06,True,images/intermediates/016_iter_010949_boundary_closure_detail_birth_reconstruction.jpg,images/intermediates/016_iter_010949_boundary_closure_detail_birth_absolute_error_x4.jpg,
17,boundary_closure,detail_birth,11577,10304,,266.50940616521984,26.163872018654306,26.163971511896534,0.017808903008699417,10.52803205941882,0.17719033360481262,31.246375084738553,0.0,0.0,True,8.094550139503554e-06,True,images/intermediates/017_iter_011577_boundary_closure_detail_birth_reconstruction.jpg,images/intermediates/017_iter_011577_boundary_closure_detail_birth_absolute_error_x4.jpg,
18,boundary_closure,detail_birth,12205,10560,,275.3182490821928,26.264266903891944,26.264379419433457,0.017656778916716576,10.597050970519359,0.17479103803634644,31.34676985996053,0.0,0.0,True,8.036315193749033e-06,True,images/intermediates/018_iter_012205_boundary_closure_detail_birth_reconstruction.jpg,images/intermediates/018_iter_012205_boundary_closure_detail_birth_absolute_error_x4.jpg,
19,boundary_closure,detail_birth,12833,10816,,284.1364489365369,26.37261062519859,26.37289222647606,0.017492646351456642,10.675054649306476,0.17234213650226593,31.455113659679576,0.0,0.0,True,1.2054473700118251e-05,True,images/intermediates/019_iter_012833_boundary_closure_detail_birth_reconstruction.jpg,images/intermediates/019_iter_012833_boundary_closure_detail_birth_absolute_error_x4.jpg,
20,boundary_closure,boundary_birth,13233,10944,,289.1202418413013,26.439770721789845,26.440006372621475,0.01743323914706707,10.763663070096692,0.16961942613124847,31.522273397885616,0.0,0.0,True,1.077332126442343e-05,True,images/intermediates/020_iter_013233_boundary_closure_boundary_birth_reconstruction.jpg,images/intermediates/020_iter_013233_boundary_closure_boundary_birth_absolute_error_x4.jpg,
21,redistribution,boundary_birth,13941,11000,,298.4056313764304,26.462678295703554,26.462962215538212,0.017411943525075912,10.793475693527729,0.16874516010284424,31.545181169844348,0.0,0.0,True,1.211270773637807e-05,True,images/intermediates/021_iter_013941_redistribution_boundary_birth_reconstruction.jpg,images/intermediates/021_iter_013941_redistribution_boundary_birth_absolute_error_x4.jpg,
22,redistribution,prune_rebirth,14889,11000,,310.84848054964095,26.46351577823983,26.463783179672028,0.017409546300768852,10.794204076338778,0.16869929432868958,31.54601833745659,0.0,0.0,True,1.1705068573064636e-05,True,images/intermediates/022_iter_014889_redistribution_prune_rebirth_reconstruction.jpg,images/intermediates/022_iter_014889_redistribution_prune_rebirth_absolute_error_x4.jpg,
23,pre_polish_color_solve,fixed_geometry_least_squares,15917,11000,,324.8056846661493,26.46412898952142,26.464407180382423,0.017407478764653206,10.794338112083858,0.16869565844535828,31.546631881707086,0.0,0.0,True,1.2170941772637889e-05,True,images/intermediates/023_iter_015917_pre_polish_color_solve_fixed_geometry_least_squares_reconstruction.jpg,images/intermediates/023_iter_015917_pre_polish_color_solve_fixed_geometry_least_squares_absolute_error_x4.jpg,
24,final_full_field,terminal,16385,11000,,330.1522963475436,26.46412898952142,26.464407180382423,0.017407478764653206,10.794338112083858,0.16869565844535828,31.546631881707086,0.0,0.0,True,1.2170941772637889e-05,True,images/intermediates/024_iter_016385_final_full_field_terminal_reconstruction.jpg,images/intermediates/024_iter_016385_final_full_field_terminal_absolute_error_x4.jpg,"{'reconstruction': 'images/native/024_iter_016385_final_full_field_terminal_reconstruction.png', 'absolute_error_x4': 'images/native/024_iter_016385_final_full_field_terminal_absolute_error_x4.png'}"
