image,budget,seed,init_budget,max_gaussians,strategy,tensor,tensor_color,density,sampling,orientation,color,scale,scale_cap,opacity,renderer,loss,optimizer,lr_schedule,refine,pyramid,config_label,is_baseline,status,psnr,ssim,ms_ssim,lpips,auc_psnr,iters_to_target,iters_to_targets,seconds_to_target,n_gaussians,init_seconds,fit_seconds,total_seconds,split_event_count,ranked_wave_score_mean,ranked_wave_residual_support_mean,ranked_wave_activity_mean,ranked_wave_footprint_mean,relocate_event_count
COCO_train2014_000000000009_160px,256,0,256,256,aniso_flanking,central,luma,structure,wse,tensor,bilinear,spacing,none,none,normalized,l1,adam,none,none,single,strategy=aniso_flanking|tensor=central|tensor_color=luma|density=structure|sampling=wse|orientation=tensor|color=bilinear|scale=spacing|scale_cap=none|opacity=none|renderer=normalized|loss=l1|optimizer=adam|lr_schedule=none|refine=none|pyramid=single,True,ok,21.1223,0.69242,0.90794,,19.264554799613308,,{'28.0': None},,256,0.0432589054107666,1.4245684146881104,2.06162166595459,0,,,,,0
COCO_train2014_000000000009_160px,256,0,224,256,aniso_flanking,central,luma,structure,wse,tensor,bilinear,spacing,none,none,normalized,l1,adam,none,fp_duplicate,single,strategy=aniso_flanking|tensor=central|tensor_color=luma|density=structure|sampling=wse|orientation=tensor|color=bilinear|scale=spacing|scale_cap=none|opacity=none|renderer=normalized|loss=l1|optimizer=adam|lr_schedule=none|refine=fp_duplicate|pyramid=single,False,ok,20.3283,0.66303,0.89484,,18.418296716981015,,{'28.0': None},,256,0.1256108283996582,1.5714409351348877,1.7194857597351074,1,,,,,0
COCO_train2014_000000000009_160px,256,0,224,256,aniso_flanking,central,luma,structure,wse,tensor,bilinear,spacing,none,none,normalized,l1,adam,none,ranked_wave,single,strategy=aniso_flanking|tensor=central|tensor_color=luma|density=structure|sampling=wse|orientation=tensor|color=bilinear|scale=spacing|scale_cap=none|opacity=none|renderer=normalized|loss=l1|optimizer=adam|lr_schedule=none|refine=ranked_wave|pyramid=single,False,ok,20.4895,0.66518,0.89683,,18.428106518115026,,{'28.0': None},,256,0.03972125053405762,1.6173620223999023,1.6792879104614258,1,0.764528,0.082219,625.414551,127.599525,0
COCO_train2014_000000000009_160px,256,0,256,256,aniso_flanking,central,luma,structure,wse,tensor,bilinear,spacing,none,none,normalized,l1,adam,none,relocate,single,strategy=aniso_flanking|tensor=central|tensor_color=luma|density=structure|sampling=wse|orientation=tensor|color=bilinear|scale=spacing|scale_cap=none|opacity=none|renderer=normalized|loss=l1|optimizer=adam|lr_schedule=none|refine=relocate|pyramid=single,False,ok,20.5245,0.67249,0.90012,,18.78848757986295,,{'28.0': None},,256,0.05251765251159668,1.537104606628418,1.6053087711334229,0,,,,,1
COCO_train2014_000000000009_160px,256,0,224,256,aniso_flanking,central,luma,structure,wse,tensor,bilinear,spacing,none,none,normalized,l1,adam,none,residual_add_nms,single,strategy=aniso_flanking|tensor=central|tensor_color=luma|density=structure|sampling=wse|orientation=tensor|color=bilinear|scale=spacing|scale_cap=none|opacity=none|renderer=normalized|loss=l1|optimizer=adam|lr_schedule=none|refine=residual_add_nms|pyramid=single,False,ok,20.4575,0.65828,0.89644,,18.394453468969314,,{'28.0': None},,256,0.045825958251953125,1.5609748363494873,1.622392177581787,1,,,,,0
COCO_train2014_000000000009_160px,256,0,224,256,aniso_flanking,central,luma,structure,wse,tensor,bilinear,spacing,none,none,normalized,l1,adam,none,residual_tensor_add_nms,single,strategy=aniso_flanking|tensor=central|tensor_color=luma|density=structure|sampling=wse|orientation=tensor|color=bilinear|scale=spacing|scale_cap=none|opacity=none|renderer=normalized|loss=l1|optimizer=adam|lr_schedule=none|refine=residual_tensor_add_nms|pyramid=single,False,ok,20.6225,0.66786,0.90106,,18.46810563944154,,{'28.0': None},,256,0.039997100830078125,1.5031707286834717,1.5593538284301758,1,,,,,0
COCO_train2014_000000000025_160px,256,0,256,256,aniso_flanking,central,luma,structure,wse,tensor,bilinear,spacing,none,none,normalized,l1,adam,none,none,single,strategy=aniso_flanking|tensor=central|tensor_color=luma|density=structure|sampling=wse|orientation=tensor|color=bilinear|scale=spacing|scale_cap=none|opacity=none|renderer=normalized|loss=l1|optimizer=adam|lr_schedule=none|refine=none|pyramid=single,True,ok,20.6864,0.56369,0.86716,,19.674511893320894,,{'28.0': None},,256,0.038462162017822266,0.9949734210968018,1.0467400550842285,0,,,,,0
COCO_train2014_000000000025_160px,256,0,224,256,aniso_flanking,central,luma,structure,wse,tensor,bilinear,spacing,none,none,normalized,l1,adam,none,fp_duplicate,single,strategy=aniso_flanking|tensor=central|tensor_color=luma|density=structure|sampling=wse|orientation=tensor|color=bilinear|scale=spacing|scale_cap=none|opacity=none|renderer=normalized|loss=l1|optimizer=adam|lr_schedule=none|refine=fp_duplicate|pyramid=single,False,ok,20.5774,0.55788,0.86598,,19.447410615824037,,{'28.0': None},,256,0.03658628463745117,1.049588680267334,1.0976476669311523,1,,,,,0
COCO_train2014_000000000025_160px,256,0,224,256,aniso_flanking,central,luma,structure,wse,tensor,bilinear,spacing,none,none,normalized,l1,adam,none,ranked_wave,single,strategy=aniso_flanking|tensor=central|tensor_color=luma|density=structure|sampling=wse|orientation=tensor|color=bilinear|scale=spacing|scale_cap=none|opacity=none|renderer=normalized|loss=l1|optimizer=adam|lr_schedule=none|refine=ranked_wave|pyramid=single,False,ok,20.5094,0.5535,0.86383,,19.290886507195943,,{'28.0': None},,256,0.03534555435180664,1.0494282245635986,1.0972330570220947,1,0.769145,0.071149,618.723145,129.079788,0
COCO_train2014_000000000025_160px,256,0,256,256,aniso_flanking,central,luma,structure,wse,tensor,bilinear,spacing,none,none,normalized,l1,adam,none,relocate,single,strategy=aniso_flanking|tensor=central|tensor_color=luma|density=structure|sampling=wse|orientation=tensor|color=bilinear|scale=spacing|scale_cap=none|opacity=none|renderer=normalized|loss=l1|optimizer=adam|lr_schedule=none|refine=relocate|pyramid=single,False,ok,20.4652,0.55319,0.86303,,19.355849734807418,,{'28.0': None},,256,0.03690910339355469,1.0769927501678467,1.1256675720214844,0,,,,,1
COCO_train2014_000000000025_160px,256,0,224,256,aniso_flanking,central,luma,structure,wse,tensor,bilinear,spacing,none,none,normalized,l1,adam,none,residual_add_nms,single,strategy=aniso_flanking|tensor=central|tensor_color=luma|density=structure|sampling=wse|orientation=tensor|color=bilinear|scale=spacing|scale_cap=none|opacity=none|renderer=normalized|loss=l1|optimizer=adam|lr_schedule=none|refine=residual_add_nms|pyramid=single,False,ok,20.517,0.55001,0.86318,,19.36108629582292,,{'28.0': None},,256,0.03509855270385742,1.034452199935913,1.0836400985717773,1,,,,,0
COCO_train2014_000000000025_160px,256,0,224,256,aniso_flanking,central,luma,structure,wse,tensor,bilinear,spacing,none,none,normalized,l1,adam,none,residual_tensor_add_nms,single,strategy=aniso_flanking|tensor=central|tensor_color=luma|density=structure|sampling=wse|orientation=tensor|color=bilinear|scale=spacing|scale_cap=none|opacity=none|renderer=normalized|loss=l1|optimizer=adam|lr_schedule=none|refine=residual_tensor_add_nms|pyramid=single,False,ok,20.5148,0.55202,0.86405,,19.39303495116153,,{'28.0': None},,256,0.03766202926635742,1.0294103622436523,1.0791873931884766,1,,,,,0
COCO_train2014_000000000030_160px,256,0,256,256,aniso_flanking,central,luma,structure,wse,tensor,bilinear,spacing,none,none,normalized,l1,adam,none,none,single,strategy=aniso_flanking|tensor=central|tensor_color=luma|density=structure|sampling=wse|orientation=tensor|color=bilinear|scale=spacing|scale_cap=none|opacity=none|renderer=normalized|loss=l1|optimizer=adam|lr_schedule=none|refine=none|pyramid=single,True,ok,25.8384,0.8248,0.95525,,23.674660844317938,,{'28.0': None},,256,0.04598498344421387,1.115508794784546,1.1741929054260254,0,,,,,0
COCO_train2014_000000000030_160px,256,0,224,256,aniso_flanking,central,luma,structure,wse,tensor,bilinear,spacing,none,none,normalized,l1,adam,none,fp_duplicate,single,strategy=aniso_flanking|tensor=central|tensor_color=luma|density=structure|sampling=wse|orientation=tensor|color=bilinear|scale=spacing|scale_cap=none|opacity=none|renderer=normalized|loss=l1|optimizer=adam|lr_schedule=none|refine=fp_duplicate|pyramid=single,False,ok,25.7748,0.82607,0.95288,,23.266306343725173,,{'28.0': None},,256,0.04102349281311035,1.236556053161621,1.2904820442199707,1,,,,,0
COCO_train2014_000000000030_160px,256,0,224,256,aniso_flanking,central,luma,structure,wse,tensor,bilinear,spacing,none,none,normalized,l1,adam,none,ranked_wave,single,strategy=aniso_flanking|tensor=central|tensor_color=luma|density=structure|sampling=wse|orientation=tensor|color=bilinear|scale=spacing|scale_cap=none|opacity=none|renderer=normalized|loss=l1|optimizer=adam|lr_schedule=none|refine=ranked_wave|pyramid=single,False,ok,25.4069,0.81568,0.94968,,22.957772966158593,,{'28.0': None},,256,0.040998220443725586,1.257784128189087,1.3130178451538086,1,0.432344,0.042148,845.539307,186.314453,0
COCO_train2014_000000000030_160px,256,0,256,256,aniso_flanking,central,luma,structure,wse,tensor,bilinear,spacing,none,none,normalized,l1,adam,none,relocate,single,strategy=aniso_flanking|tensor=central|tensor_color=luma|density=structure|sampling=wse|orientation=tensor|color=bilinear|scale=spacing|scale_cap=none|opacity=none|renderer=normalized|loss=l1|optimizer=adam|lr_schedule=none|refine=relocate|pyramid=single,False,ok,25.5093,0.8188,0.95362,,23.429815049898828,,{'28.0': None},,256,0.04497075080871582,1.1854767799377441,1.2453522682189941,0,,,,,1
COCO_train2014_000000000030_160px,256,0,224,256,aniso_flanking,central,luma,structure,wse,tensor,bilinear,spacing,none,none,normalized,l1,adam,none,residual_add_nms,single,strategy=aniso_flanking|tensor=central|tensor_color=luma|density=structure|sampling=wse|orientation=tensor|color=bilinear|scale=spacing|scale_cap=none|opacity=none|renderer=normalized|loss=l1|optimizer=adam|lr_schedule=none|refine=residual_add_nms|pyramid=single,False,ok,25.5093,0.819,0.95228,,23.099669246350306,,{'28.0': None},,256,0.04154539108276367,1.2002203464508057,1.2569303512573242,1,,,,,0
COCO_train2014_000000000030_160px,256,0,224,256,aniso_flanking,central,luma,structure,wse,tensor,bilinear,spacing,none,none,normalized,l1,adam,none,residual_tensor_add_nms,single,strategy=aniso_flanking|tensor=central|tensor_color=luma|density=structure|sampling=wse|orientation=tensor|color=bilinear|scale=spacing|scale_cap=none|opacity=none|renderer=normalized|loss=l1|optimizer=adam|lr_schedule=none|refine=residual_tensor_add_nms|pyramid=single,False,ok,25.6612,0.82485,0.95404,,23.2191670789557,,{'28.0': None},,256,0.04467940330505371,1.2502574920654297,1.309361457824707,1,,,,,0
COCO_train2014_000000000034_160px,256,0,256,256,aniso_flanking,central,luma,structure,wse,tensor,bilinear,spacing,none,none,normalized,l1,adam,none,none,single,strategy=aniso_flanking|tensor=central|tensor_color=luma|density=structure|sampling=wse|orientation=tensor|color=bilinear|scale=spacing|scale_cap=none|opacity=none|renderer=normalized|loss=l1|optimizer=adam|lr_schedule=none|refine=none|pyramid=single,True,ok,19.1126,0.51437,0.84546,,17.834288516287078,,{'28.0': None},,256,0.04470252990722656,0.9967751502990723,1.0527980327606201,0,,,,,0
COCO_train2014_000000000034_160px,256,0,224,256,aniso_flanking,central,luma,structure,wse,tensor,bilinear,spacing,none,none,normalized,l1,adam,none,fp_duplicate,single,strategy=aniso_flanking|tensor=central|tensor_color=luma|density=structure|sampling=wse|orientation=tensor|color=bilinear|scale=spacing|scale_cap=none|opacity=none|renderer=normalized|loss=l1|optimizer=adam|lr_schedule=none|refine=fp_duplicate|pyramid=single,False,ok,18.9938,0.50276,0.83832,,17.61736793841346,,{'28.0': None},,256,0.03670382499694824,0.9798619747161865,1.0278050899505615,1,,,,,0
COCO_train2014_000000000034_160px,256,0,224,256,aniso_flanking,central,luma,structure,wse,tensor,bilinear,spacing,none,none,normalized,l1,adam,none,ranked_wave,single,strategy=aniso_flanking|tensor=central|tensor_color=luma|density=structure|sampling=wse|orientation=tensor|color=bilinear|scale=spacing|scale_cap=none|opacity=none|renderer=normalized|loss=l1|optimizer=adam|lr_schedule=none|refine=ranked_wave|pyramid=single,False,ok,18.8502,0.49682,0.83884,,17.525540545835334,,{'28.0': None},,256,0.0384974479675293,1.1060547828674316,1.156360149383545,1,0.653356,0.093396,720.197266,165.45401,0
COCO_train2014_000000000034_160px,256,0,256,256,aniso_flanking,central,luma,structure,wse,tensor,bilinear,spacing,none,none,normalized,l1,adam,none,relocate,single,strategy=aniso_flanking|tensor=central|tensor_color=luma|density=structure|sampling=wse|orientation=tensor|color=bilinear|scale=spacing|scale_cap=none|opacity=none|renderer=normalized|loss=l1|optimizer=adam|lr_schedule=none|refine=relocate|pyramid=single,False,ok,18.7991,0.50106,0.83971,,17.531785900309934,,{'28.0': None},,256,0.04188060760498047,1.0924298763275146,1.1466155052185059,0,,,,,1
COCO_train2014_000000000034_160px,256,0,224,256,aniso_flanking,central,luma,structure,wse,tensor,bilinear,spacing,none,none,normalized,l1,adam,none,residual_add_nms,single,strategy=aniso_flanking|tensor=central|tensor_color=luma|density=structure|sampling=wse|orientation=tensor|color=bilinear|scale=spacing|scale_cap=none|opacity=none|renderer=normalized|loss=l1|optimizer=adam|lr_schedule=none|refine=residual_add_nms|pyramid=single,False,ok,18.7343,0.48604,0.83394,,17.508502782401393,,{'28.0': None},,256,0.03730416297912598,0.9973807334899902,1.0468425750732422,1,,,,,0
COCO_train2014_000000000034_160px,256,0,224,256,aniso_flanking,central,luma,structure,wse,tensor,bilinear,spacing,none,none,normalized,l1,adam,none,residual_tensor_add_nms,single,strategy=aniso_flanking|tensor=central|tensor_color=luma|density=structure|sampling=wse|orientation=tensor|color=bilinear|scale=spacing|scale_cap=none|opacity=none|renderer=normalized|loss=l1|optimizer=adam|lr_schedule=none|refine=residual_tensor_add_nms|pyramid=single,False,ok,18.7304,0.48525,0.8337,,17.508596000024827,,{'28.0': None},,256,0.041610002517700195,0.9798808097839355,1.0325813293457031,1,,,,,0
